,Abram,178
,Adam,72
,Adele,72
,Adrien,72
,Afanasy,178
,Agathe,72
,Albert,178
,Albina,178
,Alexander,178
,Alexandra,178
,Alexandre,72
,Alexei,178
,Alexia,72
,Alexis,72
,Alice,72
,Alicia,72
,Alina,178
,Alisa,178
,Alla,178
,Alyona,178
,Amandine,72
,Ambre,72
,Amelie,72
,Amine,72
,Anaelle,72
,Anais,72
,Anastasiya,178
,Anatoly,178
,Andrea,72
,Andrei,178
,Anfisa,178
,Angelina,72
,Anna,178
,Anna,72
,Anthony,72
,Antoine,72
,Anton,178
,Antonin,72
,Antonina,178
,Anzhelika,178
,Arkady,178
,Arseny,178
,Arthur,72
,Artur,178
,Artyom,178
,Aurelien,72
,Axel,72
,Bastien,72
,Benjamin,72
,Bogdan,178
,Boris,178
,Bryan,72
,Camille,72
,Candice,72
,Capucine,72
,Carla,72
,Cassandra,72
,Celia,72
,Charles,72
,Charlotte,72
,Chloe,72
,Claire,72
,Clara,72
,Clarisse,72
,Clemence,72
,Clement,72
,Clementine,72
,Cloe,72
,Coline,72
,Corentin,72
,Daniil,178
,Darya,178
,David,178
,David,72
,Denis,178
,Diana,178
,Diego,72
,Dina,178
,Dmitry,178
,Dominika,178
,Dorian,72
,Dylan,72
,Eduard,178
,Ekaterina,178
,Elena,178
,Elena,72
,Eliott,72
,Elisa,72
,Elise,72
,Elizaveta,178
,Eloise,72
,Elsa,72
,Elvira,178
,Emilia,178
,Emilie,72
,Emma,178
,Emma,72
,Erik,178
,Erwan,72
,Esteban,72
,Ethan,72
,Eva,178
,Eva,72
,Evan,72
,Evgeniya,178
,Evgeny,178
,Evgeny,178
,Faina,178
,Fanny,72
,Faustine,72
,Fedosia,178
,Flavie,72
,Florentina,178
,Florian,72
,Gabin,72
,Gabriel,72
,Gabrielle,72
,Galina,178
,Garry,178
,Gavriil,178
,Gennady,178
,Georgy,178
,Gerasim,178
,German,178
,Gleb,178
,Grigory,178
,Guillaume,72
,Heloise,72
,Hugo,72
,Igor,178
,Ilan,72
,Illarion,178
,Ilyes,72
,Immanuil,178
,Ines,72
,Inessa,178
,Inga,178
,Inna,178
,Iosif,178
,Irina,178
,Iskra,178
,Ivan,178
,Izabella,178
,Izolda,178
,Jade,72
,Jeanne,72
,Jeremy,72
,Jordan,72
,Julia,72
,Julie,72
,Julien,72
,Juliette,72
,Justine,72
,Kapitolina,178
,Kevin,72
,Killian,72
,Kirill,178
,Klara,178
,Klavdiya,178
,Klementina,178
,Konstantin,178
,Kristina,178
,Kseniya,178
,Kylian,72
,Lada,178
,Lana,72
,Larisa,178
,Laura,72
,Laurine,72
,Lea,72
,Leane,72
,Lena,72
,Lenny,72
,Leo,178
,Leo,72
,Leonid,178
,Leonie,72
,Lev,178
,Lidiya,178
,Lilian,72
,Liliya,178
,Lilou,72
,Lily,72
,Lina,72
,Lisa,72
,Lise,72
,Loane,72
,Loic,72
,Lola,72
,Lorenzo,72
,Lou,72
,Louane,72
,Louis,72
,Louise,72
,Louna,72
,Lubov,178
,Lucas,72
,Lucie,72
,Lucya,178
,Ludmila,178
,Luna,72
,Mael,72
,Maelle,72
,Maelys,72
,Maeva,72
,Makar,178
,Malvina,178
,Manon,72
,Marat,178
,Margarita,178
,Margaux,72
,Margot,72
,Marie,72
,Marina,178
,Marine,72
,Marion,72
,Marius,72
,Mariya,178
,Marta,178
,Martin,72
,Mateo,72
,Matheo,72
,Mathias,72
,Mathieu,72
,Mathilde,72
,Mathis,72
,Mathys,72
,Matteo,72
,Matthieu,72
,Matvei,178
,Maxence,72
,Maxim,178
,Maxime,72
,Maya,178
,Mehdi,72
,Melina,72
,Meline,72
,Melissa,72
,Mikhail,178
,Mohamed,72
,Morgane,72
,Myriam,72
,Nadezhda,178
,Natalya,178
,Nathan,72
,Nelly,178
,Nestor,178
,Nicolas,72
,Nika,178
,Nikita,178
,Nikolay,178
,Nina,178
,Nina,72
,Ninon,72
,Noa,72
,Noah,72
,Noam,72
,Noe,72
,Noemie,72
,Nolan,72
,Nonna,178
,Oceane,72
,Oksana,178
,Oleg,178
,Olesya,178
,Olga,178
,Olivia,72
,Oscar,72
,Paul,72
,Pauline,72
,Pavel,178
,Peter,178
,Pierre,72
,Polina,178
,Pronunciation,178
,Quentin,72
,Rada,178
,Rafael,72
,Raisa,178
,Raphael,72
,Rayan,72
,Regina,178
,Remi,72
,Renata,178
,Robin,72
,Romain,72
,Roman,178
,Romane,72
,Rose,72
,Rostislav,178
,Rozalina,178
,Ruslan,178
,Ryan,72
,Sacha,72
,Salome,72
,Samuel,72
,Sara,72
,Sarah,72
,Semyon,178
,Sergei,178
,Simon,72
,Sofia,178
,Sofia,72
,Sofiane,72
,Solene,72
,Spartak,178
,Stanislav,178
,Stepan,178
,Svetlana,178
,Taisia,178
,Tamara,178
,Taras,178
,Tatyana,178
,Theo,72
,Thibault,72
,Thibaut,72
,Thomas,72
,Timeo,72
,Timofei,178
,Titouan,72
,Tom,72
,Tristan,72
,Ulyana,178
,Vadim,178
,Valentin,178
,Valentin,72
,Valentina,178
,Valentine,72
,Valeriya,178
,Valery,178
,Varvara,178
,Vasilisa,178
,Vasily,178
,Veniamin,178
,Vera,178
,Veronika,178
,Victor,72
,Victoria,72
,Viktor,178
,Viktoriya,178
,Vincent,72
,Vitaly,178
,Vlad,178
,Vladimir,178
,Vladislav,178
,Vladlena,178
,Vsevolod,178
,Vyacheslav,178
,William,72
,Yakov,178
,Yana,178
,Yanis,72
,Yann,72
,Yaroslav,178
,Yaroslava,178
,Yasmine,72
,Yefim,178
,Yegor,178
,Yuliya,178
,Yury,178
,Zakhar,178
,Zhanna,178
,Zinaida,178
,Zlata,178
,Zoe,72
,Zoya,178
Adabi,Ali,97
Adappa,Shruthi,95
Adler,Vanessa,230
Agarwal,Neha,95
Agarwal,Preeti,95
Agram,Piyush Shanker,95
Ahmed,Riyaz,96
Akella,Kalyan,95
Akhter,Umar,96
Alagappan,Lakshmi,95
Alagarsamy,Damodarakkannan,95
Alfred Padmanabhan,Anantha,95
Ali,Afroza,96
Ambarish,Vinesh,95
Ameer,Aafia,96
Anand,Aparna,95
Anand,Avinash,95
Anand,Bharanidharan,95
Anandampillai,Sudhin,95
Anandhakrishnan,Madhankumar,95
Anandkumar,Sudhir,95
Ananth,Easwara,95
Ananth,Sindhuri,95
Ananthu,Satya,95
Angarai,Ramacha,95
Annamalai,Chidambaram,95
Arabolu,Raghu Ananya,95
Aravind,Aparna,95
Arivazhagan,Ravishankar,95
Arlagadda,Jyothi Swaroop,95
Aruldhas,Benixon,97
Arunneelakantan,Roopa,95
Ashfaq Ahmed,Shakir Sharfraz,96
Ashok,Krish,95
Askew,Nicolette,230
Asokan,Archana,95
Autade,Siddharth,95
Av,Ananth,95
Bafna,Himanshu,95
Bagewadi,Nikhil,95
Bahal,Sanchit,95
Bajpai,Anshul,95
Balachandran,Jagannath,95
Balakrishnan,Abarnaa,95
Balamani,Hari Saravana Prabhu,95
Balasubramanian,Arunkumar,95
Balasubramanyan,Ramnath,95
Bansal,Vaibhav,95
Barretto,Elton,97
Baskaran,Keerthana,95
Basu,Kinjal,95
Basu,Tamaghna,95
Baykal,Su,222
Behrooz,Morteza,100
Bellare,Kedar,95
Belur Nagabushana,Amit,95
Benedict,Preeti,97
Bennet,Annie,97
Bharadwaj,Janardhan,95
Bhasha,Galeel,97
Bhat,Swathi Sriranjan,95
Bhatia,Rohit,95
Bhatia,Urjit Singh,95
Bondalapati,Srikanth,95
Butala,Swaroop,95
CH,Ramakrishnan,95
CK,Sowmya,95
CS,Arun,95
Caroli,Paulo,30
Cepeda Tarud,Camilo,46
Chakraborttii,Chandranil,95
Chander,Vijay,95
Chandramouli,Aravind,95
Chandrasekar,Ramalingam,95
Chandrasekaran,Dinesh Kumar,95
Chandrasekaran,Karthekeyan,95
Chandrasekaran,Saranya,95
Chandrasekharan,Praveen,95
Chandrasekharan,Thanga Srinivasan,95
Chatterjee,Abira,95
Chattopadhyay,Mrityunjoy,95
Chaudhary Nair,Anee,95
Chellappa,Thirunavukarasu,95
Cheriya Maliackal,Zabil,96
Chevanan,Ranjith,95
Chintala Reddy,Dheeraj,95
Chithanar,Arun Kumar,95
Chitnis,Mona,95
Choi,Joon Hee,201
Choi,Stephen,201
Choudhury,Mohit,95
Chozhiyath Raman,Poornima,95
Cordova Sanchez,Mariheida,174
Cumar N,Prasan,95
DK,Arun,95
Dakshinamurthy,Sreedhar,95
Damle,Anurag,95
Darera,Mukta,95
Das,Jaya,95
Das,Pooja,95
Das,Viswa Prakash,95
Dave,Sanket,95
Deepak,Riya,95
Deo,Ketaki,95
Derezinski,Michal,171
Desai,Sairam,95
Deshmukh,Satyajit,95
Devarajan,Sowmiya,95
Devi,Saranya,95
Devi,Yashoda,95
Dey,Siddharth,95
Dhanabal,Sathyaprakash,95
Dhar,Anchit,95
Dharmarajan,Sitaraman,95
Dhavle,Akshay,95
Dhokia,Rikesh,95
Dhume,Mrunmayi,95
Ding,Nan,43
Dixit,Prashant,95
Doshi,Dhaval,95
Dufair,Jason,230
Ege,Lollen,98
Eppalapally,Santosh,95
Faruqui,Anas,96
Fernandes,Leighton,97
Fernandes,Nigel,97
Fish,Jason,230
Fogla,Navin,95
Francis,Eilin,97
GK, Madhwaraj,95
Gadepalli,Prakash,95
Ganapathy,Harrish,95
Gandhi,Mohana Sudhan,95
Gandhi,Pritish,95
Ganesan,Krishnan,95
Ganesan,Manohar,95
Ganesh,Haarish,95
Ganesh,Rajaganesh,95
Ganesh,Ranjani,95
Ganesh,Sujatha,95
Ganesh,Vinay,95
Ganti Manapatruni,Ravi Sastry,95
Garg,Garima,95
Garg,Pratik,95
Garrett,Gregory,230
Gaurav,Santosh,95
Gautam,Rajeev,95
Gavande,Suraj,95
Gawde,Apoorv,95
George,Ashley,97
Ghosh,Saikat,95
Ghoshal,Asish,95
Goel,Vishakha,95
Gollu,Kiran Kumar,95
Golubski,Gary,230
Gomes,Annapoorani,95
Gopal,Anish,95
Gopal,Hari,95
Gopaladesikan,Mohan,95
Gopalakrishnan,Raghavendran,95
Gopalan,Archana,95
Gopalsamy,Mirunalini,95
Goswami,Ruchi,95
Govindan,Anaiappan,95
Govindaraj,Prashanth,95
Govindarajan,Mahaadevi,95
Goyal,Arika,95
Goyal,Puneet,95
Goyal,Saurabh,95
Gray,Alexander,230
Guha,Anupam,95
Gujar,Amit,95
Gujja,Hareeshwar,95
Gunasekaran,Jayakumar,95
Gunasekaran,Karthik,95
Gunda,Sreeharsha,95
Gunda,Sreekanth,95
Gupta,Adhip,95
Gupta,Akshya,95
Gupta,Anuj,95
Gupta,Rishi,95
Gupta,Siddharth,95
Guru,Siva,95
Gv,Ashwin,95
Gvs,Srikanth,95
Hajarnis,Sanjeet,95
Haran,Arvind,95
Hari,Janani,95
Hariharan,Mahesh,95
Hariharan,Ram Kumar,95
Harsha,Praharshit,95
Hassan,Imam,96
Hastagiri,Pavithra,95
Hebsur,Karthik,95
Homayoun,Shiden,100
Hsu,Irving,43
Idnani,Avinash,95
Ilango,Vivekanand,95
Ilangovan,Vignesh,95
Inamdar,Shweta,95
Iruthayaraj,Thomson,97
Iyer,Hersh,95
Jagadeesan,Harini,95
Jagadeesan,Siva,95
Jagannathan,Geetha Nandini,95
Jagasia,Lokesh,95
Jahanian,Ali,97
Jain,Miten,95
Jain,Prayrit Prash,95
Jaipuriar,Sumeet,95
Jalasutram,Srikanth,95
Jamal,Shad,96
Jana,Preethy,95
Jarayaman,Ramapandian,95
Jawahar,Pradeep,95
Jayakar,Niranjan,95
Jayakumar,Nisha,95
Jayakumar,Pavithra,95
Jayant,Juanita,97
Jayaraman,Pavithra,95
Jeon,Myoung Hoon,201
Jeyam,Sam,97
Jha,Atul,95
Jha,Sneha,95
Jhalaria,Ankit,95
Jin,Ming,43
Jindal,Abhilash,95
Jog,Chandan,95
John,Lim,97
Johnson,Jabez,97
Jonathan,Sudhir,97
Joseph,Anand,95
Joshi,Abhishek,95
Joshi,Preetam,95
Joshi,Shreyas,95
K,Avinash,95
KL,Santosh,95
KM,Shiva,95
KR,Jayaram,95
Kago,Asha,98
Kakade-Elkunchwar,Pooja,95
Kaki,Gowtham,95
Kalaivanan,Mugil,95
Kalathinathan,Subhashini,95
Kaliappan,Gokul,95
Kalyan,Aishwarya,95
Kalyanasundaram,Ranjani,95
Kancharla,Suvidha,95
Kandasamy,Sudhakar,95
Kangeyan,Surya,95
Kannan,Ananth,95
Kannan,Balaji,95
Kannan,Vineet,95
Kar,Gourab,95
Kar,Purushottam,95
Karlapalem,Manohar,95
Karthick,Sethuraman,95
Karthy,Umesh,95
Kasavajjala,Vandana,95
Kashyap,Phani,95
Kasiviswanathan,Jeevanram,95
Kaul,Kamesh,95
Kaushik,Gopal,95
Kaverappa,Mamtha,95
Kenneth Davison,Benjamin,230
Khan,Kishore,96
Khan,Mohsin,96
Khandelwal,Hitesh,95
Khandelwal,Richie,95
Kishenchand,Satish,95
Kittusami,Sarulathaa,95
Kommidi,Sumanth Reddy,95
Kothari,Virag,95
Krishna,Hari,95
Krishna,Vamsi,95
Krishna,Vidya,95
Krishnamoorthi,Harish,95
Krishnamoorthy,Balachandar,95
Krishnamurthy,Aditya,95
Krishnamurthy,Vikram,95
Krishnan,Aravind,95
Krishnan,Ashwathi,95
Krishnan,Balamurali,95
Krishnan,Hari,95
Krishnan,Shruthi,95
Krishnan,Sushyant,95
Krishnan,Venkata,95
Krishnaswamy,Ravishankar,95
Kulasekar,Sandeep,95
Kulasekar,Santhosh,95
Kumar,Akash,95
Kumar,Krishna,95
Kumar,Nivedita,95
Kumar,Pani,95
Kumar,Pravarthika,95
Kumar,Praveen,95
Kumar,Prem,95
Kumar,Santhosh,95
Kumar,Santosh,95
Kumar,Sathish,95
Kumar,Satish,95
Kumar,Shachi,95
Kumar,Sharath,95
Kumar,Suresh,95
Kumar,Vinod,95
Kumar,Vinoth,95
Kumaran,Senthil,95
Kumbhashi,Rakesh,95
Kunday,Arvind,95
Kuo,Ryan,43
Kuppuraj,Vijesh,95
Kuppuswami,Nagarajan,95
Lakshmanan,Kalarani,95
Lakshmanan,Sabarathinam,95
Lakshmi,Pavithira,95
Lan,Tian,37
Lofgren,Peter,230
Look,Jonathan,230
Lu,Wei,43
Madan,Jasdeep,95
Madhavan,Rahul,95
Madhavan,Sethu,95
Madhayala,Preeti,95
Madhu,Preethi,95
Madhusudana,Suhas,95
Madiraju,Apurva,95
Mahadevan,Divya,95
Mahalingam,Divya,95
Mahalingam,Preethi Mali,95
Mahmood,Ashique Rupam,17
Mallick,Nilakanta,95
Mallya,Rajaram,95
Manchanda,Vikrant,95
Mani,Geethanjali,95
Mantri,Hrishi,95
Marimuthu,Kuberan,95
Marimuthu,Murugaprabhu,95
Marimuthu,Vinoth,95
Marker,Sheroy,97
Mathew,Rajiv,95
Mathew,Suresh,97
Mathur,Anuj,95
Mathur,Keshav,95
Mauney,Brad,230
Mauney,Lisa,230
Mavinasara,Amit,95
Mayilsamy,Balaji,95
Mayya,Gururaj,95
Mc,Shankarananth,95
Mehndiratta,Rishu,95
Mehta,Priyal,95
Mendoza,Nicole,169
Menon,Manu,95
Menon,Nandu,95
Miglani,Sahil,95
Mirzazad,Maziar,100
Mishra,Debashish,95
Mishra,Sashwat,95
Mobramaein,Afshin,137
Modi,Hiral,95
Mogal,Bhooshan,95
Moghe,Sumeet,95
Mohan,Deepthi,95
Mohan,Katragadda,95
Mohan,Kc,95
Mohan,Murugan,95
Mohan,Vignesh,95
Mohanty,Samarth,95
Monu,Ruban,95
Mridul,Preethy,95
Mueller,Matt,230
Mukala,Sagar,95
Mukherjee,Saurav,95
Murali,Gayathri,95
Murali,Jayalakshmi,95
Murali,Srinivasan,95
Murali,Vijay,95
Muralidhar,Ashwini,95
Murthi,Poornima,95
Murthi,Sharda,95
Murugan,Bala,95
Muthumani,Suresh,95
N,Pallavi,95
ND,Nandish,95
Nagaraj,Karthik Swaminathan,95
Nagarajan,Ganesh,95
Nagarajan,Varunkumar,95
Nagasubramanian,Kiran,95
Naidu,Vignesh,95
Naik,Manisha,95
Nair,Praveen,95
Nair,Sajessh,95
Nallathambi,Jayaprakhas,95
Nambi,Andiran,95
Nambiar,Anuranjana,95
Naran,Mani,95
Narayan,Shankar,95
Narayana Rao,Deepak,95
Narayanan,Alagammai,95
Narayanan,Anand,95
Narayanan,Janani,95
Narayanan,Siva,95
Narula,Arovit,95
Natarajan,Abhiram,95
Natarajan,Girish Nath,95
Natarajan,Senthil,95
Natesan,Selvakumar,95
Nathan,Senthil,95
Nerurkar,Ameya,95
Nilakantan,Ravishankar,95
Nishanth,Divya,95
Nithianandam,Kayal,95
Ns,Gopalakrishnan,95
O'Neill,Adam,230
Ohm Prasath,Hari,95
Ojha,Anurag,95
Olsheski,Julia,37
Ondego,Victor,110
Oyetey,Suchema,229
PS,Ramkumar,95
Pa,Sreeguruparan,95
Palanisami,Karthikeyani,95
Pandey,Siddharth,95
Parameswaran,Saranya,95
Parekh,Ankit,95
Parekh,Parth,95
Parthan,Kizhekalam,95
Parthasarathy,Radhika,95
Parthasarathy,Vikram,95
Parvatham,Surekha,95
Patanshettar,Santhosh,95
Pathak,Vardayini,95
Patharachalam,Dilip,95
Patil,Samrudhi,95
Patil,Vipul,95
Pattabiraman,Kumaresh,95
Paulraj,Rajan,97
Pawar,Chandan,95
Peacock,Jodi Allen,37
Pedapati,Tejaswini,95
Peddakota,Deepraj,95
Pendharkar,Amruta,95
Peng,Lijun,43
Perumal,Karthik,95
Phaye,Ketan,95
Pillai,Arun,95
Pillai,Sivadesh,95
Pk,Pradeep,95
Polishetty,Sahiti,95
Ponnappa,Sidu,95
Ponnivalavan,Arulanandan,95
Ponnusamy,Paramasivan,95
Ponnuswami,Sampathkumar,95
Prabakar,Barani,95
Prabhakaran,Akhil,95
Prabhu,Sanjay,95
Prabhu,Suthaya,95
Praison,Tom,97
Prakash,Chethan,95
Prakash,Kiran,95
Pranay,Turlapati,95
Prasad,Anirudh,95
Prasad,Krishna,95
Prasad,Raghav,95
Prasad,Raghavendra,95
Prasad,Rohit Chandra,95
Prasad,Trivikram,95
Prem Kamal,Pradeep,95
Premchandran,Ashwanth,95
Premkumar,Sudharsan,95
Premraj,Saurabh,95
Priyadarshini,Andal,95
Pt,Aneesh,95
Pujara,Jay,95
Puliyedath Udumbath,Aneesh,95
Purandare,Jai,95
Purushothaman,Saikrupa,95
Purushothaman,Saktheesh,95
Qiao,Jian,43
RK, Karthikeyan,95
Rad,Nima,100
Radhakrishnan,Krithika,95
Radhamohan,Archana,95
Raghav,Ashwin,95
Raghavan,Vijaya,95
Raghavendar,Arun,95
Raghunathan,Ashwin,95
Rahmanian,Holakou,100
Raja,Kirutthika,95
Raja,Mokan,95
Rajagopalan,Deepika,95
Rajagopalan,Indu,95
Rajah,Ilavarasi,95
Rajaram,Balakumar,95
Rajasekharan,Rajeev,95
Rajendran,Karthik,95
Rajesh,Suganya,95
Raju,Veda,95
Ram,Easwar,95
Ram,Keshav,95
Ram,Raghu,95
Ram,Sri,95
Ram,Vignesh,95
Ramabadran,Muthukrishnan,95
Ramachander,Arvind,95
Ramachandra,Suman,95
Ramachandran,Sumithra,95
Ramadas,Rahul,95
Ramakrishnan,Arvind,95
Ramakrishnan,Narayanan,95
Ramakrishnan,Sharadha,95
Ramakrishnan,Vijay,95
Ramamoorthy Reddy,Senthilraja,95
Ramamurthy,Aarthi,95
Raman,Aparna,95
Raman,Parameswaran,95
Raman,Saketh,95
Raman,Sethu,95
Raman,Shree Mahalakshmi,95
Ramanathan,Aravind,95
Ramanathan,Nithya,95
Ramanathan,Venkat,95
Ramani,Akash,95
Ramasamy,Dayanand,95
Ramasubramanian,Vishravars,95
Ramasundar,Sowmya,95
Ramesh,Karthik,95
Ramprasad,Vidya,95
Rangadurai,Kaushik,95
Ranganathan,Pranesh,95
Ranganathan,Radha,95
Ranganathan,Sathiya Priya,95
Rangaraj,Somasundaram,95
Rao,Abhinesh,95
Rao,Raghunandan,95
Rao,Sakshi,95
Rao,Sudhindra,95
Rasumani,Logesh,95
Rathod,Ami,95
Rathore,Rajveer,95
Ravi,Abishek,95
Ravichandran,Ajay,95
Ravichandran,Kaushik,95
Ravichandran,Madhumitha,95
Ravichandran,Viju,95
Ravikumar,Archanaa,95
Ravikumar,Raghunandhan,95
Ravikumar,Raghunath,95
Ravishanker,Bharathi,95
Reddy,Charan,95
Reddy,Kashi,95
Reddy,Preetam,95
Rex,Mercy,97
Roberts,Jason,230
Roy,Parantap,95
Roy,Renuka,95
Roy,Sandip,95
Rv,Shivram,95
SA,Gopalakrishnan,95
Sadanandan,Suhas,95
Sadasivam,Yogalakshmi,95
Saha,Ankan,95
Saiprasad,Kaushik,95
Sajessh,Aarthi,95
Samant,Mandar,95
Sambasivam,Magendran,95
Sampath,Maheillnan,95
Sampath,Uthra,95
Samy,Alagiri,95
Sandeep,Anusha,95
Sangonda,Rahul,95
Sankar,Susilaa,95
Sankaran,Shiva,95
Sankaran,Veera Sundaram,95
Sankaran,Vidhya,95
Santhosh,Geetha,95
Santhosh,Hari,95
Santhosh,Spj,95
Sapra,Rochit,95
Sapre,Viraj,95
Saravanan,Sanjay,95
Saravanaraj,Sangeeth,95
Sarnacke,Patrick,230
Saurabh,Kumar,95
Seetharaman,Jayatheerth,95
Segar,Guna,95
Sekar,Gowri,95
Sekar,Kirubakaran,95
Sekar,Rekha,95
Selvaraj,Kiruthika,95
Senapathi,Ambalavanan,95
Senthil,Vijay,95
Seshadri,Ajay,95
Seshadri,Prasanna,95
Sethuraman,Archana,95
Sewak,Nalini,95
Sgkrishnan,Sowmya,95
Shah,Ayan,96
Shah,Chirag,95
Shah,Pawan,95
Shah,Punit,95
Shah,Sameer,95
Shah,Viren,95
Shankar,Daya,95
Shanmugam,Subramaniam,95
Shanmugham,Kirthika,95
Sharma,Apurva,95
Sharma,Parma Dutta,95
Sharma,Prakhar,95
Sharma,Sonali,95
Shenbagamoorthy,Vignesh,95
Shendye,Radhika,95
Shenoy,Rashmi,95
Sheth,Chandan,95
Sheth,Kaustubh,95
Shetty,Chirdeep,95
Shivanagoudar,Praveen,95
Shivapurkar,Radhika,95
Shridharan,Shriram,95
Shrivastava,Utkarsh,95
Shweta,Philip,95
Siddharth,Sasi,95
Siddique,Abubacker,96
Simha,Alok,95
Simha,Ramanuja,95
Singh Khokhar,Devangana,95
Singh,Jyothi,95
Singh,Mukesh,95
Singh,Subhag,95
Sivakumar,Raghavan,95
Sivanandham,Sowmiya,95
Sivaram,Arjun,95
Sivaramakrishnan,KC,95
Slevin,Soundar,97
Solomon,Samuel,97
Somi,Ravin,95
Soundararajan,Niranjan,95
Soundararajan,Varun,95
Soundarrajan,Padmalaya,95
Sp,Vaishaag,95
Sp,Vinithra,95
Sridar,Raghav Prasad,95
Sridhar,Akash,95
Sridhar,Dhanya,95
Srini,Laks,95
Srinivas,Krishnakumar,95
Srinivas,Sibi,95
Srinivasa Raghavan,Harini,95
Srinivasan,Gopalakrishnan,95
Srinivasan,Pradeep,95
Srinivasan,Rajaram,95
Srinivasan,Sangeetha,95
Srinivasan,Venkatraghavan,95
Sriram,Sujatha,95
Srivastav,Tejasri,95
Srivastava,Prashant,95
Subramaniam,Meera,95
Subramanian,Abi,95
Subramanian,AnithaPriya,95
Subramaniyam,Arun Kumar,95
Sudheendra,Sachin,95
Sukthankar,Kushal,95
Sundar,Aishwarya,95
Sundar,Deepak,95
Sundar,Prarthana,95
Sundar,Shyam,95
Sundar,Sidharth,95
Sundara Manohar,Bharath,95
Sundaram,Dilip,95
Sundaram,Gopinath,95
Sundaram,Karhik,95
Sundaram,Nivedita,95
Sundaram,Vijay,95
Sundaram,Yogeetha,95
Sundararajan,Balamurugan,95
Sunder,Avinash,95
Sunder,Sarang,95
Sureka,Rohit,95
Suresh,Sujay Krishna,95
Swan,Erik,230
Swaroop,Soumya,95
Swetha,Krishna,95
Sy,Andrea,169
T,Prashanth,95
Tacho,Ruchu,98
Tallo,Radhe Obing,95
Talukdar,Abheek,95
Tati,Lokesh,95
Taylor,David,230
Teo,Choon Hui,43
Teoh,Jason,230
Thangaraj,Soundararajan,95
Thangavel,Karthik,95
Tharakan,Hormese,97
Thomas,Annette,97
Thomas,Jacob,97
Tolbhai,Tolia,95
Toraskar,Kedar,95
Tukrel,Sunil,95
Tung,Mike,43
Turley,Patrick,230
Ulaganathan,Jagan,95
Umrani,Aditya,95
Unnikamu,Rubaina,96
Upadhyay,Mrunal,95
Vaasudevan,Mridhula,95
Vadivelu,Sindhu,95
Vaidyanathan,Vignessh,95
Vaish,Rajan,95
Vamsy,Godthi,95
Vanchinathan,Hastagiri,95
Varadhan,Veerapuram,95
Varadharajan,Aishwarya,95
Varalu,Venkatesh,95
Varghese,Judy,97
Varghese,Prakash,95
Vasant,Sachin,95
Vasanth,Sneha,95
Vashisht,Harsha,95
Vasudevan,Gayatri,95
Veerappan,Arunachalam,95
Veerappan,Meyyappan,95
Venkat,Jagadish,95
Venkat,Sai,95
Venkat,Vignesh,95
Venkataraman,Abhinav,95
Venkataraman,Meena,95
Venkatesan,Rangharajan,95
Venkatesan,Sridhar,95
Venkatesh,Divya,95
Venkatesh,Kirpal,95
Venkatram,Saumya,95
Venkiteswaran,Srihari,95
Venu,Vineet,95
Venugopal,Pravin,95
Venugopla,Kannan,95
Verma,Arunabh,95
Vijayaraghavan,Bharath,95
Vijayvergiya,Arun,95
Villalan,Napolean,97
Vinay,Deepali,95
Vincent,Antony,97
Vinod,Tina,97
Vinoth,Divya,95
Vishwanath,Anand,95
Vivek,Preedhi,95
Von Brzeski,Vadim,171
Wang,Tong,43
Wiersma,Rixt,150
Wilson,Jeff,230
Wright,Casey,230
Xavier,Jennifer,97
Xiao,Henry,43
Xiong,Nikita,43
Yadav,Tarun,95
Yadhav,Raja Ram,95
Yanardag,Pinar,222
Yang,Jiasen,43
Yang,Yiming,43
Ye,Johanna,43
Yi Chan,Sophy,43
Yi-Luen Do,Ellen,212
Young,Khali,12
Yun,Hyokun,201
Yunus,Izaaz,96
Zhang,Yuwei,43
da Camara,Suzanne,173
