Wang,Jie,43
Zhang,Yan,43
Wang,Fang,43
Li,Li,43
Tung,Mike,43
Wang,Li,43
Jin,Ming,43
Li,Min,43
Li,Gui,43
Wang,Xiu,43
Xiong,Nikita,43
Ye,Johanna,43
Wang,Gang,43
Zhang,Yong,43
Zhang,Min,43
Zhang,Jie,43
Zhang,Li,43
Wang,lei,43
Xiao,Henry,43
Li,Na,43
Wang,Tong,43
Teo,Choon Hui,43
Li,Xiu,43
Li,Yan,43
Wang,Yong,43
Li,Juan,43
Wang,Tao,43
Wang,Ping,43
Liu,Wei,43
Yi Chan,Sophy,43
Wang,Qiang,43
Liu,Fang,43
Zhang,Jing,43
Yang,Yiming,43
Wang,Jun,43
Zhang,Tao,43
Liu,Jie,43
Hsu,Irving,43
Lu,Wei,43
Zhang,Jun,43
Zhang,Lei,43
Li,Jing,43
Wang,Juan,43
Li,Jie,43
Zhang,Yuwei,43
Li,Yong,43
Wang,Chao,43
Liu,Min,43
Yang,Jiasen,43
Li,Wei,43
Wang,Weo,43
Zhang,Qiang,43
Liu,Yang,43
Zhang,Wei,43
Wang,Min,43
Ding,Nan,43
Peng,Lijun,43
Zhang,Xiu,43
Wang,Jing,43
Wang,Yan,43
Li,Qiang,43
Qiao,Jian,43
Li,Xia,43
Li,Jun,43
Li,Ming,43
Kuo,Ryan,43
