,Julia,72
,Esteban,72
,Ryan,72
,Yann,72
,Robin,72
,Thomas,72
,Emma,72
,Juliette,72
,Matheo,72
,Myriam,72
,Cassandra,72
,Heloise,72
,Noemie,72
,Arthur,72
,Benjamin,72
,Paul,72
,Alicia,72
,Noe,72
,Mathieu,72
,Angelina,72
,Claire,72
,Lina,72
,Gabriel,72
,Coline,72
,Emilie,72
,Romain,72
,Laura,72
,Clementine,72
,Adam,72
,Kevin,72
,Olivia,72
,Laurine,72
,Faustine,72
,Fanny,72
,Mohamed,72
,Ethan,72
,Lilian,72
,Solene,72
,Loane,72
,Remi,72
,Julie,72
,Clement,72
,Andrea,72
,Candice,72
,Quentin,72
,Anaelle,72
,Rafael,72
,Elisa,72
,Titouan,72
,Lucie,72
,Marion,72
,Antoine,72
,Lou,72
,Oscar,72
,Vincent,72
,Raphael,72
,Mehdi,72
,Amine,72
,Marine,72
,Loic,72
,Mateo,72
,Margot,72
,Maxime,72
,Jeremy,72
,William,72
,Alice,72
,Morgane,72
,Amelie,72
,Ilyes,72
,Valentine,72
,Margaux,72
,Gabrielle,72
,Clemence,72
,Lisa,72
,Rayan,72
,Louise,72
,Marie,72
,Mathis,72
,Elena,72
,Eliott,72
,Capucine,72
,David,72
,Noam,72
,Axel,72
,Nolan,72
,Bastien,72
,Corentin,72
,Alexia,72
,Matthieu,72
,Pierre,72
,Florian,72
,Noah,72
,Melissa,72
,Romane,72
,Leane,72
,Thibaut,72
,Eva,72
,Sofia,72
,Manon,72
,Mathias,72
,Salome,72
,Erwan,72
,Mael,72
,Pauline,72
,Lorenzo,72
,Diego,72
,Maxence,72
,Eloise,72
,Adrien,72
,Charles,72
,Kylian,72
,Evan,72
,Clara,72
,Jade,72
,Theo,72
,Elsa,72
,Tom,72
,Agathe,72
,Adele,72
,Oceane,72
,Samuel,72
,Lenny,72
,Celia,72
,Lena,72
,Amandine,72
,Yanis,72
,Noa,72
,Lilou,72
,Lily,72
,Cloe,72
,Camille,72
,Anais,72
,Matteo,72
,Meline,72
,Martin,72
,Dorian,72
,Leo,72
,Alexis,72
,Carla,72
,Zoe,72
,Marius,72
,Nathan,72
,Alexandre,72
,Ilan,72
,Sofiane,72
,Sara,72
,Lana,72
,Justine,72
,Louane,72
,Sacha,72
,Ninon,72
,Chloe,72
,Rose,72
,Louna,72
,Hugo,72
,Jeanne,72
,Guillaume,72
,Tristan,72
,Antonin,72
,Simon,72
,Mathys,72
,Flavie,72
,Jordan,72
,Victor,72
,Lise,72
,Clarisse,72
,Killian,72
,Gabin,72
,Maeva,72
,Dylan,72
,Lea,72
,Thibault,72
,Victoria,72
,Aurelien,72
,Charlotte,72
,Luna,72
,Bryan,72
,Ines,72
,Louis,72
,Maelle,72
,Nina,72
,Leonie,72
,Anthony,72
,Nicolas,72
,Timeo,72
,Valentin,72
,Maelys,72
,Anna,72
,Sarah,72
,Elise,72
,Melina,72
,Yasmine,72
,Lola,72
,Mathilde,72
,Lucas,72
,Ambre,72
,Julien,72
