,Ada,77
,Adalia,77
,Adalsinda,77
,Adelaida,77
,Adelbert,77
,Adeltruda,77
,Adelvina,77
,Adler,77
,Adolf,77
,Adrenilda,77
,Agilberta,77
,Agileo,77
,Alarice,77
,Albert,77
,Alberta,77
,Alda,77
,Aldeguda,77
,Aldelmo,77
,Aldonza,77
,Alette,77
,Alfilda,77
,Almodis,77
,Aloisa,77
,Amalberta,77
,Amalie,77
,Amaline,77
,Amalsinda,77
,Amelia,77
,Amelie,77
,Amorie,77
,Amory,77
,Annah,77
,Anselm,77
,Anselma,77
,Anson,77
,Archibalda,77
,Argimon,77
,Arla,77
,Armengol,77
,Arnelle,77
,Arnulfa,77
,Aroa,77
,Arvin,77
,Aubrey,77
,Audelina,77
,Avery,77
,Baldwin,77
,Ballard,77
,Baron,77
,Barrett,77
,Barron,77
,Batilde,77
,Bega,77
,Benilda,77
,Berengaria,77
,Berit,77
,Berl,77
,Berlin,77
,Berlyn,77
,Bern,77
,Bernadeth,77
,Bernadette,77
,Bernadyne,77
,Bernard,77
,Bernhard,77
,Bernie,77
,Bertalina,77
,Bertha,77
,Bertilda,77
,Bertoaria,77
,Bertolda,77
,Bertram,77
,Bing,77
,Blenda,77
,Bogart,77
,Bolona,77
,Boris,77
,Bova,77
,Bruna,77
,Brunhilda,77
,Brunilda,77
,Bryon,77
,Buck,77
,Buell,77
,Calros,77
,Canuta,77
,Carl,77
,Carla,77
,Carol,77
,Ceferina,77
,Celedonia,77
,Chadrick,77
,Charley,77
,Charly,77
,Christa,77
,Christian,77
,Christoph,77
,Claus,77
,Clementia,77
,Clodene,77
,Clodio,77
,Clodomira,77
,Clotilda,77
,Clovis,77
,Conradine,77
,Crimilda,77
,Czarina,77
,Dagoberta,77
,David,77
,Dedric,77
,Delayna,77
,Dennis,77
,Deonilde,77
,Derica,77
,Dieter,77
,Dieterich,77
,Dietrich,77
,Disibodo,77
,Donaron,77
,Duna,77
,Dustin,77
,Eber,77
,Edelina,77
,Edilberta,77
,Ediltrudis,77
,Edvina,77
,Egon,77
,Elda,77
,Ellery,77
,Ellfreda,77
,Elsa,77
,Elsbeth,77
,Elvira,77
,Ema,77
,Emari,77
,Emilse,77
,Emma,77
,Emmett,77
,Emmie,77
,Emory,77
,Erden,77
,Erich,77
,Ermenburga,77
,Ermenilda,77
,Ernesto,77
,Ernst,77
,Etelinda,77
,Etelreda,77
,Etelvina,77
,Euda,77
,Everett,77
,Everilda,77
,Ewald,77
,Faber,77
,Faxon,77
,Fernanda,77
,Filma,77
,Finn,77
,Floriberto,77
,Folke,77
,Fonzie,77
,Fordon,77
,Frantz,77
,Freda,77
,Freddrick,77
,Frederika,77
,Fremont,77
,Frida,77
,Fridmund,77
,Frieda,77
,Frine,77
,Frodina,77
,Fulberto,77
,Fulbright,77
,Fulla,77
,Gabor,77
,Garibaldo,77
,Gary,77
,Gausberto,77
,Genevieve,77
,Geraldine,77
,Gerbrando,77
,Gerhard,77
,Gert,77
,Gertie,77
,Gertrude,77
,Gesualdo,77
,Gibitruda,77
,Gilberte,77
,Gildardo,77
,Goddard,77
,Godeardo,77
,Gontilda,77
,Gotardo,77
,Gretchen,77
,Gretta,77
,Gricelda,77
,Grisel,77
,Griselda,77
,Griswold,77
,Guadalberto,77
,Guala,77
,Gualteria,77
,Guiomar,77
,Gundelinda,77
,Gundenia,77
,Gundislavo,77
,Guthrie,77
,Hackett,77
,Hagan,77
,Halden,77
,Hamlet,77
,Hanna,77
,Hannah,77
,Hanno,77
,Hartman,77
,Hartwig,77
,Harvey,77
,Hedda,77
,Hedwig,77
,Heinrich,77
,Heinz,77
,Helga,77
,Helma,77
,Helmut,77
,Henley,77
,Henning,77
,Herbert,77
,Heresvida,77
,Heriberta,77
,Herlinda,77
,Hermalindo,77
,Herman,77
,Hermenexilda,77
,Hermilda,77
,Herminsenda,77
,Hernan,77
,Herrick,77
,Hettie,77
,Hewitt,77
,Hilda,77
,Hildebranda,77
,Hildegarde,77
,Hildemarca,77
,Hilderic,77
,Hilliard,77
,Hilma,77
,Hilmer,77
,Hiltruda,77
,Hobart,77
,Hoffman,77
,Homera,77
,Horst,77
,Howe,77
,Huberta,77
,Huette,77
,Hugh,77
,Hugolino,77
,Humbert,77
,Ida,77
,Idelgunda,77
,Idelia,77
,Idoberga,77
,Ilbert,77
,Ilda,77
,Ildefonso,77
,Ilise,77
,Ilsa,77
,Ima,77
,Imbert,77
,Irmgaard,77
,Irmine,77
,Isaldina,77
,Isarno,77
,Iselda,77
,Ismelda,77
,Ivo,77
,Jaegar,77
,Jarman,77
,Jarvia,77
,Jarvis,77
,Jessamine,77
,Joachim,77
,Johana,77
,Johann,77
,Johanne,77
,Johannes,77
,Jorg,77
,Karl,77
,Kass,77
,Kaufman,77
,Keene,77
,Keifer,77
,Kelby,77
,Kenner,77
,Kennis,77
,Kevin,77
,Konnen,77
,Konrad,77
,Krischan,77
,Kurt,77
,Ladolfo,77
,Lamberta,77
,Lamia,77
,Lance,77
,Landra,77
,Landric,77
,Laurelei,77
,Leben,77
,Lebena,77
,Lenia,77
,Lenny,77
,Leola,77
,Leona,77
,Leonard,77
,Leondra,77
,Leonhard,77
,Leonie,77
,Leonilda,77
,Leopolda,77
,Liduvina,77
,Liese,77
,Liesel,77
,Lindberg,77
,Lindbert,77
,Linfred,77
,Lioba,77
,Lise,77
,Lois,77
,Lonzo,77
,Loreal,77
,Loring,77
,Lotario,77
,Lotte,77
,Lottie,77
,Loudon,77
,Louie,77
,Louis,77
,Luanna,77
,Ludovic,77
,Ludwig,77
,Lukas,77
,Lurleen,77
,Lutgarda,77
,Malfreda,77
,Mallory,77
,Mandel,77
,Manheim,77
,Manrique,77
,Marelda,77
,Margaretha,77
,Margret,77
,Marielena,77
,Mario,77
,Markus,77
,Marlena,77
,Matheu,77
,Mathias,77
,Mathilde,77
,Mathis,77
,Matilda,77
,Maximilian,77
,Medardo,77
,Meinhard,77
,Meinrad,77
,Melia,77
,Mena,77
,Merudina,77
,Meta,77
,Michael,77
,Milba,77
,Mildereda,77
,Mileta,77
,Milgita,77
,Milko,77
,Milo,77
,Milva,77
,Mina,77
,Minia,77
,Mirella,77
,Mitzy,77
,Monegunda,77
,Monika,77
,Nantilde,77
,Nardo,77
,Netta,77
,Nikolas,77
,Nitgardo,77
,Nixie,77
,Notburga,77
,Oberto,77
,Oderico,77
,Odette,77
,Odoacro,77
,Olegario,77
,Olric,77
,Olympie,77
,Onofledis,77
,Onofrio,77
,Orlanda,77
,Osmaro,77
,Othman,77
,Otto,77
,Ovidia,77
,Pardulfo,77
,Pastora,77
,Patrick,77
,Paul,77
,Penrod,77
,Pepin,77
,Peter,77
,Pipino,77
,Pippin,77
,Poldi,77
,Porscha,77
,Porsche,77
,Radella,77
,Rae,77
,Raena,77
,Rahel,77
,Raimund,77
,Raina,77
,Rainer,77
,Rainerio,77
,Rainey,77
,Ramona,77
,Randelle,77
,Raquilda,77
,Ratrudis,77
,Raul,77
,Raymonde,77
,Rayner,77
,Reanna,77
,Redmond,77
,Reiner,77
,Renny,77
,Resi,77
,Riberto,77
,Richart,77
,Richelle,77
,Rictruda,77
,Rigoberta,77
,Rigoberto,77
,Rilla,77
,Ritter,77
,Rizieri,77
,Roderica,77
,Rodger,77
,Rodman,77
,Rodrick,77
,Roland,77
,Rolanda,77
,Rolene,77
,Rolf,77
,Rolonda,77
,Romelia,77
,Romualdo,77
,Ronya,77
,Rory,77
,Rosamond,77
,Rosenda,77
,Rosendo,77
,Rosilda,77
,Rotha,77
,Rudee,77
,Rudiger,77
,Rudolf,77
,Rudolph,77
,Rue,77
,Rupert,77
,Ruprecht,77
,Rutilia,77
,Salaberga,77
,Salutiano,77
,Schneider,77
,Schon,77
,Schuman,77
,Segene,77
,Seifert,77
,Selda,77
,Selig,77
,Selma,77
,Sepp,77
,Siegmund,77
,Sig,77
,Sigfredo,77
,Sigmunda,77
,Sigrada,77
,Sigurd,77
,Sigwald,77
,Sina,77
,Steen,77
,Stefan,77
,Stein,77
,Stina,77
,Stoffel,77
,Strom,77
,Tabner,77
,Talat,77
,Tancredo,77
,Teodequilda,77
,Teolinda,77
,Terel,77
,Terrell,77
,Terrelle,77
,Theobald,77
,Theodoric,77
,Thoma,77
,Till,77
,Tillie,77
,Tobias,77
,Tomas,77
,Trudy,77
,Tusnelda,77
,Ulbrecht,77
,Ulf,77
,Ulfer,77
,Ulla,77
,Ullock,77
,Ullric,77
,Ulrica,77
,Ulrich,77
,Ultman,77
,Ulva,77
,Urraca,77
,Uta,77
,Uwe,77
,Valburga,77
,Valda,77
,Valdrada,77
,Valfredo,77
,Valtruda,77
,Vanda,77
,Varick,77
,Varrick,77
,Vedis,77
,Velma,77
,Venidle,77
,Verner,77
,Verrill,77
,Vigberto,77
,Vihelmina,77
,Vilhelm,77
,Vincens,77
,Vogel,77
,Wagner,77
,Walberto,77
,Walda,77
,Waldemar,77
,Wallach,77
,Waller,77
,Walmond,77
,Wanda,77
,Wandie,77
,Warner,77
,Warren,77
,Welby,77
,Wendel,77
,Wendell,77
,Wereburga,77
,Wies,77
,Wilda,77
,Wilfred,77
,Wilhelm,77
,Wilhelmina,77
,Willa,77
,Willeen,77
,Willem,77
,Williams,77
,Willie,77
,Willy,77
,Wilma,77
,Wilmer,77
,Win,77
,Winefrida,77
,Winifred,77
,Wolf,77
,Wolfgang,77
,Wulfilde,77
,Xildas,77
,Yohan,77
,Zamiel,77
,Zedislava,77
,Zola,77
