,Alcmene,80
,Philomela,80
,Hippolytos,80
,Aristaios,80
,Io,80
,Orestes,80
,Origen,80
,Adrasteia,80
,Daidalos,80
,Aristomache,80
,Cybele,80
,Kerberos,80
,Archimedes,80
,Evdokia,80
,Vasiliki,80
,Hippolyte,80
,Thanos,80
,Haides,80
,Pallas,80
,Andonis,80
,Eris,80
,Efthalia,80
,Diomedes,80
,Euterpe,80
,Hermia,80
,Zotikos,80
,Leonidas,80
,Androkles,80
,Karpos,80
,Priamos,80
,Barbara,80
,Angelos,80
,Matthias,80
,Nikolaos,80
,Dionysos,80
,Damokles,80
,Ptolema,80
,Yorgos,80
,Alcestis,80
,Stephanos,80
,Aison,80
,Olympos,80
,Oulixeus,80
,Kalliope,80
,Euclid,80
,Midas,80
,Sophronia,80
,Makarios,80
,Isokrates,80
,Caiaphas,80
,Dimitrios,80
,Hypatia,80
,Kyros,80
,Doros,80
,Hecuba,80
,Aisopos,80
,Errikos,80
,Khristophoros,80
,Medousa,80
,Epiktetos,80
,Gaia,80
,Kleio,80
,Parthenia,80
,Dionysodoros,80
,Adonia,80
,Leda,80
,Eleni,80
,Ouranos,80
,Agamemnon,80
,Kore,80
,Danae,80
,Tersichore,80
,Morpheus,80
,Astarte,80
,Hebe,80
,Diokles,80
,Anakletos,80
,Theodoulos,80
,Phoibos,80
,Antiope,80
,Phanessa,80
,Chara,80
,Melita,80
,Zoe,80
,Ioannis,80
,Aminta,80
,Ionanna,80
,Ioannes,80
,Aniketos,80
,Olympiodoros,80
,Athanasios,80
,Demostrate,80
,Zinovia,80
,Epaphroditos,80
,Damon,80
,Eustathios,80
,Phoibe,80
,Eurybia,80
,Athena,80
,Aikaterina,80
,Barnabars,80
,Stamatia,80
,Nemesis,80
,Heracles,80
,Desma,80
,Demosthenes,80
,Platon,80
,Psykhe,80
,Josias,80
,Celandine,80
,Natasa,80
,Althaia,80
,Apphia,80
,Chrysanthe,80
,Aspasia,80
,Dorcas,80
,Mneme,80
,Konstantinos,80
,Simonides,80
,Astraia,80
,Krios,80
,Dianthe,80
,Spiridion,80
,Antonios,80
,Eukleides,80
,Xanthia,80
,Timo,80
,Sousanna,80
,Eudokia,80
,Praxiteles,80
,Melissa,80
,Paraskeve,80
,Perikles,80
,Helios,80
,Olysseus,80
,Artemisia,80
,Semele,80
,Dorotheos,80
,Ianthina,80
,Chaos,80
,Antipatros,80
,Hermogenes,80
,Chloris,80
,Euthalia,80
,Diantha,80
,Alkyone,80
,Hagne,80
,Alekto,80
,Xenophon,80
,Eileithyia,80
,Adonis,80
,Kassandra,80
,Eutychos,80
,Ariadne,80
,Oedipus,80
,Kallisto,80
,Hykinthos,80
,Athenais,80
,Medeia,80
,Nikomachos,80
,Nikoleta,80
,Makedon,80
,Vangelis,80
,Tarasios,80
,Oidipous,80
,Agathe,80
,Heraclitus,80
,Ourania,80
,Alphaios,80
,Amenophis,80
,Aether,80
,Chrysanthos,80
,Thaddeus,80
,Apostolis,80
,Hermione,80
,Tasoula,80
,Hippokrates,80
,Heliodoros,80
,Achaikos,80
,Theophylaktos,80
,Aesop,80
,Phyllis,80
,Khristos,80
,Odysseus,80
,Aphrodisios,80
,Phanes,80
,Aineias,80
,Kyrillos,80
,Andreas,80
,Bakchos,80
,Achilleus,80
,Xenon,80
,Archippos,80
,Eros,80
,Kyriakos,80
,Agaue,80
,Eupraxia,80
,Penelope,80
,Eliud,80
,Hera,80
,Apollinaris,80
,Pamphilos,80
,Sofia,80
,Pankratios,80
,Gennadios,80
,Elpida,80
,Thecla,80
,Melina,80
,Elissa,80
,Nikandros,80
,Stelios,80
,Alexio,80
,Hesiodos,80
,Anaitis,80
,Alexis,80
,Heli,80
,Efstathios,80
,Delia,80
,Aischylos,80
,Neoptolemos,80
,Kleisthenes,80
,Spyros,80
,Yiorgos,80
,Rhea,80
,Ianthe,80
,Elektra,80
,Aphrodite,80
,Zenon,80
,Evangelos,80
,Ananias,80
,Eudne,80
,Amintah,80
,Xanthippe,80
,Hypatios,80
,Hekabe,80
,Polydorus,80
,Haemon,80
,Mnemosyne,80
,Methodios,80
,Kronos,80
,Aristophanes,80
,Timaios,80
,Callidora,80
,Dorus,80
,Iphigenia,80
,Euripides,80
,Ares,80
,Parthenope,80
,Kreon,80
,Metrophanes,80
,Polykarpos,80
,Aristarchos,80
,Origenes,80
,Philokrates,80
,Makednos,80
,Herodotos,80
,Eunike,80
,Lefteris,80
,Lysimachos,80
,Eos,80
,Delphinia,80
,Nidon,80
,Klytie,80
,Ariston,80
,Cymone,80
,Triton,80
,Lysandros,80
,Panos,80
,Kapaneus,80
,Jonas,80
,Demeter,80
,Theodotos,80
,Diogenes,80
,Elene,80
,Sophronios,80
,Iole,80
,Nicolaos,80
,Iason,80
,Pan,80
,Artemidoros,80
,Eumelia,80
,Pandora,80
,Annas,80
,Georgios,80
,Therapon,80
,Rhoda,80
,Agathon,80
,Alexios,80
,Lykouros,80
,Actaeon,80
,Calisto,80
,Hesiod,80
,Zenobios,80
,Artemis,80
,Seleukos,80
,Aikaterine,80
,Kallikrates,80
,Kleitos,80
,Tryphaina,80
,Apostolos,80
