Praison,Tom,97
Marker,Sheroy,97
Jeyam,Sam,97
Adabi,Ali,97
Thomas,Jacob,97
Francis,Eilin,97
Mathew,Suresh,97
Thomas,Annette,97
Rex,Mercy,97
Iruthayaraj,Thomson,97
Varghese,Judy,97
Bhasha,Galeel,97
Vincent,Antony,97
Bennet,Annie,97
Xavier,Jennifer,97
Fernandes,Leighton,97
Aruldhas,Benixon,97
Paulraj,Rajan,97
Benedict,Preeti,97
Jonathan,Sudhir,97
Barretto,Elton,97
John,Lim,97
Fernandes,Nigel,97
Tharakan,Hormese,97
George,Ashley,97
Jahanian,Ali,97
Villalan,Napolean,97
Johnson,Jabez,97
Jayant,Juanita,97
Vinod,Tina,97
Slevin,Soundar,97
Solomon,Samuel,97
