,Ahura,100
,Khordad,100
,Jandari,100
,Mahsheed,100
,Tahirih,100
,Ardashir,100
,Shahpur,100
,Kambaujiya,100
,Shideh,100
,Babak,100
,Naveed,100
,Zenda,100
,Heydar,100
,Sayeh,100
,Soraya,100
,Gasparina,100
,Casper,100
,Amir,100
,Tallis,100
,Gulzar,100
,Behzad,100
,Baraz,100
,Ameretat,100
,Behrooz,100
,Vassy,100
,Naheed,100
,Narses,100
,Banu,100
,Farideh,100
,Jasmin,100
,Souzan,100
,Arazou,100
,Delshad,100
,Mahnaz,100
,Nousha,100
,Shirina,100
,Sohrab,100
,Siavush,100
,Koroush,100
,Gulistan,100
,Khurshid,100
,Aramazd,100
,Zarina,100
,Firoz,100
,Roshan,100
,Shireen,100
,Yasmeen,100
,Bahadur,100
,Khorshed,100
,Pari,100
,Mojgan,100
,Nard,100
,Niloufar,100
,Jiaan,100
,Akbar,100
,Simin,100
,Morvarid,100
,Elburz,100
,Kurush,100
,Azure,100
,Kambujiya,100
,Nasrin,100
,Armani,100
Homayoun,Shiden,100
,Saeed,100
,Kohinoor,100
,Hormuzd,100
,Ohrmazd,100
,Jasmeen,100
,Zainab,100
,Garamon,100
,Jasper,100
,Khodadad,100
,Zulekha,100
,Gulbahar,100
,Behras,100
,Jazman,100
,Shahjahan,100
,Jassi,100
,Zena,100
,Zareen,100
,Darawesh,100
,Taran,100
,Roxane,100
,Darioush,100
Rad,Nima,100
,Sanaz,100
,Shahzad,100
,Shahroukh,100
,Ashtad,100
,Shabnam,100
,Mirza,100
,Jamsheed,100
,Haurvatat,100
,Parwiz,100
,Armineh,100
,Alborz,100
,Mitra,100
,Parveen,100
,Taraneh,100
,Oroncio,100
Mirzazad,Maziar,100
,Sinbad,100
,Khshayarsha,100
,Mahtab,100
,Jahangir,100
,Hormisdas,100
,Shirinada,100
,Azura,100
,Mahdokht,100
,Sher,100
,Jala,100
,Vashti,100
,Yesmin,100
,Anahit,100
,Majeed,100
,Zebara,100
,Mardonio,100
,Aban,100
,Yegane,100
,Shahnaz,100
,Tabor,100
,Roshni,100
,Papak,100
,Azora,100
,Parvin,100
,Faruk,100
,Anissa,100
,Farah,100
,Anisa,100
,Durward,100
,Ormazd,100
,Mehrdad,100
,Feroze,100
,Xesus,100
,Majnoon,100
,Arash,100
,Shereen,100
,Shahriar,100
,Gul,100
,Yara,100
,Anis,100
,Andarun,100
,Roshanara,100
,Jasma,100
,Bahman,100
,Anisi,100
,Maha,100
,Ziba,100
,Anahita,100
,Nazanin,100
,Sholeh,100
,Parvana,100
,Guity,100
,Roxann,100
,Zuleika,100
,Paradise,100
,Laleh,100
,Shahrokh,100
,Andaruna,100
,Shahdi,100
,Angra,100
,Shirin,100
,Gev,100
,Sadira,100
,Yasmina,100
,Jasmyn,100
,Shahrizad,100
,Shahrivar,100
,Jamshad,100
,Soroush,100
,Jamshed,100
,Zooran,100
,Rashne,100
,Roxana,100
,Amardad,100
,Minu,100
,Azar,100
,Shadi,100
,Aysha,100
,Parvaiz,100
,Kianoush,100
,Jasmine,100
,Arzu,100
Rahmanian,Holakou,100
,Firuz,100
,Dilshad,100
Behrooz,Morteza,100
,Bahram,100
,Behruz,100
,Fravardin,100
,Roxanne,100
,Bijan,100
,Yasmin,100
,Farzan,100
,Ghoncheh,100
,Farzana,100
,Jadu,100
,Zaynab,100
,Parisa,100
,Tariqa,100
,Yasemin,100
,Ester,100
,Darya,100
,Hormizd,100
,Urvakhsha,100
,Jasmina,100
,Sarosh,100
,Kasper,100
,Javed,100
,Zebba,100
,Ahuramazda,100
,Payam,100
,Marjan,100
,Layan,100
,Cyrus,100
,Mithra,100
,Darice,100
,Darayavahush,100
,Jahan,100
,Roxie,100
,Shabnan,100
,Mahvash,100
,Minoo,100
,Hestia,100
,Zohreh,100
,Firuza,100
,Javaid,100
,Ahriman,100
,Kamboujiya,100
,Nahid,100
,Xerxes,100
,Faridun,100
,Omid,100
,Parveneh,100
,Niga,100
,Shah,100
,Nilofer,100
,Mehr,100
,Faridoon,100
,Dara,100
,Sargon,100
,Said,100
,Navid,100
,Golnar,100
,Hormazd,100
,Nasim,100
,Esther,100
,Atefeh,100
,Jasmain,100
,Roshanak,100
,Shahin,100
,Zarathustra,100
,Larmina,100
,Aniqa,100
,Kaveh,100
,Behnam,100
,Niloofar,100
,Jaleh,100
,Mehri,100
,Yazmin,100
,Minau,100
,Feroz,100
,Ayesha,100
,Shahrazad,100
,Alburz,100
,Sindbad,100
,Yasamin,100
,Artakhshathra,100
,Farukh,100
,Jasmeet,100
,Jasman,100
,Khorvash,100
,Behram,100
