,Yemon,107
,Masayuki,107
,Hiromi,107
,Hisashi,107
,Saburo,107
,Yukio,107
,Masuyo,107
,Keiichi,107
,Shuji,107
,Hiroshi,107
,Tsutomu,107
,Hitoshi,107
,Amida,107
,Kazuhiro,107
,Shima,107
,Kunio,107
,Masao,107
,Takashi,107
,Tatsuo,107
,Katsu,107
,Yuri,107
,Masato,107
,Haruo,107
,Sin'ichi,107
,Daichi,107
,Yoichi,107
,Yuudai,107
,Haru,107
,Naoko,107
,Jun ichi,107
,Yoshinori,107
,Raiden,107
,Akio,107
,Michio,107
,Toshihiro,107
,Miki,107
,Fujita,107
,Kyo,107
,Kenshin,107
,Yori,107
,Takehiko,107
,Ryozo,107
,Takao,107
,Hajime,107
,Nobuo,107
,Masashi,107
,Kanaye,107
,Masaaki,107
,Iwao,107
,Mikio,107
,Satoru,107
,Kiyoshi,107
,Shigeo,107
,Izanagi,107
,Shoichi,107
,Botan,107
,Kisho,107
,Shoji,107
,Rokuro,107
,Tetsip,107
,Ryota,107
,Akiyama,107
,Masayoshi,107
,Kenta,107
,Shiro,107
,Yuichi,107
,Ichiro,107
,Ringo,107
,Masakazu,107
,Hideki,107
,Seiji,107
,Hotaka,107
,Tamotsu,107
,Toru,107
,Shunichi,107
,Teruo,107
,Masahiro,107
,Takeo,107
,Yoshiro,107
,Shinji,107
,Ronin,107
,Minoru,107
,Koichi,107
,Toshi,107
,Toshio,107
,Takumi,107
,Yoshito,107
,Ken,107
,Norio,107
,Manabu,107
,Seiichi,107
,Makoto,107
,Nori,107
,Takahiro,107
,Jo,107
,Yasuhiro,107
,Ryuichi,107
,Tadao,107
,Hachiro,107
,Akihiro,107
,Yogi,107
,Kazuo,107
,Hiro,107
,Ryoichi,107
,Kane,107
,Aki,107
,Joji,107
,Fumio,107
,Michi,107
,Naoki,107
,Dai,107
,Shin,107
,Toshiyuki,107
,Tatsuya,107
,Isamu,107
,Kenichi,107
,Satoshi,107
,Koji,107
,Hikaru,107
,Yoshimitsu,107
,Yasuo,107
,Keiji,107
,Shinichi,107
,Madoka,107
,Akihiko,107
,Ryuu,107
,Toshiaki,107
,Yoshi,107
,Daisuke,107
,Yasushi,107
,Hisoka,107
,Hiromasa,107
,Senichi,107
,Daiki,107
,Hisao,107
,Jun,107
,Hideaki,107
,Nao,107
,Susumu,107
,Noboru,107
,Akira,107
,Yuu,107
,Shigekazu,107
,Masaki,107
,Masanori,107
,Minori,107
,Toyo,107
,Nobuyuki,107
,Hiroaki,107
,Yoshihiro,107
,Kenji,107
,Yoshio,107
,Fudo,107
,Yoshiaki,107
,Nobu,107
,Kichiro,107
,Katsuo,107
,Ryo,107
,Osamu,107
,Isas,107
,Katashi,107
,Isao,107
,Masa,107
,Goro,107
,Shigeru,107
,Taro,107
,Kano,107
,Masahiko,107
,Takeshi,107
,Yasahiro,107
,Kohaku,107
,Kuro,107
,Yoshikazu,107
,Sadao,107
,Hideo,107
,Kazuhiko,107
,Rafu,107
,Atsushi,107
,Mitsuru,107
,Tomi,107
,Katsuro,107
,Mitsuo,107
,Yuki,107
,Jiro,107
,Tadashi,107
,Juro,107
,Kin,107
,Shig,107
,Shuichi,107
,Masaru,107
,Mamoru,107
,Kazuki,107
,Akemi,107
,Tama,107
,Tomio,107
,Hiroki,107
,Uyeda,107
,Shichiro,107
,Yuji,107
,Hiroyuki,107
,Tsuneo,107
,Tsuyoshi,107
,Arata,107
,Yutaka,107
,Takayuki,107
,Tetsuya,107
,Yoshiyuki,107
,Kioshi,107
,Samuru,107
,Eiji,107
