,Machas,171
,Jedrek,171
,Dionizy,171
,Gerwazy,171
,Jozozefa,171
,Apoloniusz,171
,Bolek,171
,Bozydar,171
,Ziven,171
,Jedrzej,171
,Basha,171
,Gizela,171
,Korneliusz,171
,Felicja,171
,Tomasz,171
,Katrine,171
,Rajmund,171
,Wicent,171
,Wiga,171
,Dobroslawa,171
,Zygmunt,171
,Joasia,171
,Lubomierz,171
,Klementyna,171
,Augustyna,171
,Pela,171
,Pelagia,171
,Gawel,171
,Rufin,171
,Brunon,171
,Minka,171
,Konstancja,171
Derezinski,Michal,171
,Macee,171
,Marcin,171
,Marcelina,171
,Julitta,171
,Kazio,171
,Olees,171
,RadomiLa,171
,Renal,171
,Yozef,171
,Wladislav,171
,Nadzieja,171
,Walenty,171
,Gabrjel,171
,Lucjusz,171
,Hanna,171
,Wlodek,171
,Sulislaw,171
,Cecilia,171
,Helena,171
,Jacek,171
,Adelajda,171
,Florentyna,171
,Patryk,171
,Justyna,171
,Bryga,171
,Swietomierz,171
,Joanny,171
,Zenon,171
,Wlodzimierz,171
,Daniel,171
,Bogna,171
,Kacper,171
,Adok,171
,Gabrys,171
,Bozena,171
,Onufry,171
,Stanislaw,171
,Valeska,171
,Joanka,171
,Dobry,171
,Makary,171
,Antonina,171
,Lew,171
,Przemko,171
,Janek,171
,Nelka,171
,Damian,171
,Zuzanna,171
,Aleksander,171
,Cyprian,171
,Czeslawa,171
,Ignacy,171
,Oskar,171
,Fidelis,171
,Weronikya,171
,Fil,171
,Teodozja,171
,Agnieszka,171
,Beatrycze,171
,Henryka,171
,Felicjan,171
,Tamary,171
,Tedorik,171
,Urszula,171
,Genek,171
,Kinga,171
,Yachne,171
,Karin,171
,Laura,171
,Gabryjel,171
,Grzegorz,171
,Marianna,171
,Martyna,171
,Bartlomiej,171
,Oles,171
,Longin,171
,Marcely,171
,Mikolaj,171
,Dorek,171
,Tytus,171
,Leslaw,171
,Swietopelk,171
,Valentyn,171
,Dyta,171
,Aron,171
,Olaf,171
,Mieszko,171
,Radoslaw,171
,Ludwik,171
,Metody,171
,Aleksy,171
,Holieb,171
,Kleopatra,171
,Ludoslaw,171
,Klemens,171
,Felicyta,171
,Wanda,171
,Judyta,171
,Karina,171
,Tekla,171
,Maryla,171
,Przemysl,171
,Konrad,171
,Genowefa,171
,Marik,171
,Kassia,171
,Wioletta,171
,Szczeosny,171
,Lukasz,171
,Bronislawa,171
,Eugeniusz,171
,Janusz,171
,Tobiasz,171
,Emeryk,171
,Anieli,171
,Jaroslawa,171
,Dorofiej,171
,Ksenia,171
,Ireneusz,171
,Donat,171
,Izabella,171
,Witek,171
,Hilary,171
,Zygfryd,171
,Henka,171
,Izaak,171
,Madde,171
,Hipolit,171
,Wlodzislaw,171
,Tymoteusz,171
,Kazimierz,171
,Tola,171
,Wira,171
,Salomea,171
,Benedykt,171
,Szczesny,171
,Anastazja,171
,Jacenty,171
,Roscislaw,171
,Fryderyk,171
,Bartosz,171
,Bendek,171
,Lucja,171
,WitoLd,171
,Aureliusz,171
,Walter,171
,Mscislaw,171
,Wisia,171
,Mariusz,171
,Eligiusz,171
,Borys,171
,Eustachy,171
,Matylda,171
,Gertruda,171
,Walentyna,171
,Henryk,171
,MichaL,171
,Jadwiga,171
,Krystian,171
,Milek,171
,Eufemia,171
,Rahel,171
,Filip,171
,Szczepan,171
,Aurek,171
,Blanka,171
,Boguslawa,171
,Katarzyna,171
,Magda,171
,Amelia,171
,Nelek,171
,Dita,171
,Patrycja,171
,Teodor,171
,Elzbieta,171
,Waldemar,171
,Anastazy,171
,Julita,171
,Maurycy,171
,Tymon,171
,Lechoslawa,171
,Konstancji,171
,Albin,171
,Leslawa,171
,Rozalia,171
,Diana,171
,Zdzislaw,171
,Kornelia,171
,Bialy,171
,Cecylia,171
,Boleslaw,171
,Eligia,171
,Ksawery,171
,Gustaw,171
,Roscislawa,171
,Slawek,171
,Agata,171
,Serafin,171
,Gutka,171
,Jana,171
,Hortenspa,171
,Slawomir,171
,Maury,171
,Bogumil,171
,Rafal,171
,Nadzia,171
Von Brzeski,Vadim,171
,Yusef,171
,Eliasz,171
,Korneli,171
,Michal,171
,Jedrik,171
,Teodorya,171
,Rudolf,171
,Sabiny,171
,Malina,171
,Patek,171
,Ludmita,171
,Berta,171
,Edward,171
,Liuz,171
,Stasio,171
,Wiktor,171
,Zbigniew,171
,Arkadiusz,171
,Julianna,171
,Kasper,171
,Celestyn,171
,Pawel,171
,Roman,171
,Cibor,171
,Aniela,171
,Wiktoria,171
,Alka,171
,Dobroslaw,171
,Cyryl,171
,Edyta,171
,Marzena,171
,Halina,171
,Przemek,171
,Miron,171
,Zarek,171
,Irenka,171
,Frydrych,171
,Oliwia,171
,Teodozji,171
,Pawl,171
,Ksena,171
,Idzi,171
,Irena,171
,Seweryna,171
,Jaroslaw,171
,Miroslaw,171
,Florian,171
,Stanislawa,171
,Malgorzata,171
,Malwina,171
,Wandy,171
,Nestor,171
,Ziemowit,171
,Krystyn,171
,Wicktoria,171
,Izabel,171
,Kaja,171
,Jozozef,171
,Karol,171
,Alojzy,171
,Lechoslaw,171
,Rita,171
