,Rostislav,178
,Nina,178
,Kirill,178
,Izabella,178
,Mariya,178
,Pronunciation,178
,Zakhar,178
,Dmitry,178
,Renata,178
,Izolda,178
,Anatoly,178
,Elvira,178
,Dina,178
,Valentin,178
,Yuliya,178
,Alina,178
,Bogdan,178
,Olesya,178
,Anton,178
,Inga,178
,Olga,178
,Kristina,178
,Raisa,178
,Zinaida,178
,Timofei,178
,Ekaterina,178
,Leo,178
,Daniil,178
,Evgeniya,178
,Sofia,178
,Rada,178
,Vasilisa,178
,Svetlana,178
,Lucya,178
,Lubov,178
,Varvara,178
,Yury,178
,Vasily,178
,Valentina,178
,Liliya,178
,Nikita,178
,Maxim,178
,Spartak,178
,Rozalina,178
,Darya,178
,Yaroslava,178
,Fedosia,178
,Georgy,178
,Maya,178
,Gerasim,178
,Larisa,178
,Vadim,178
,Emilia,178
,Valery,178
,Gavriil,178
,Dominika,178
,Florentina,178
,Zhanna,178
,Vsevolod,178
,Peter,178
,Ivan,178
,Regina,178
,Ulyana,178
,Klementina,178
,Yegor,178
,Ludmila,178
,Marat,178
,Diana,178
,Anastasiya,178
,Abram,178
,Garry,178
,Artyom,178
,Nika,178
,Nelly,178
,Marta,178
,Alexandra,178
,Arkady,178
,Klara,178
,Alexander,178
,Gennady,178
,Yefim,178
,Oksana,178
,Viktoriya,178
,Alyona,178
,Yaroslav,178
,Galina,178
,Elizaveta,178
,Nonna,178
,Andrei,178
,Kseniya,178
,Zlata,178
,Roman,178
,Zoya,178
,Taras,178
,Inessa,178
,Anna,178
,Eva,178
,Inna,178
,Marina,178
,Yakov,178
,Kapitolina,178
,Valeriya,178
,Vitaly,178
,Afanasy,178
,Anfisa,178
,Nikolay,178
,Erik,178
,Iosif,178
,Anzhelika,178
,Stanislav,178
,Leonid,178
,Vladlena,178
,Albert,178
,Makar,178
,Veniamin,178
,Lidiya,178
,Elena,178
,Matvei,178
,Vladimir,178
,Semyon,178
,Veronika,178
,Polina,178
,Illarion,178
,Tatyana,178
,Yana,178
,Alisa,178
,Antonina,178
,Iskra,178
,Tamara,178
,David,178
,Arseny,178
,Vera,178
,Evgeny,178
,Alla,178
,Emma,178
,Denis,178
,Vlad,178
,Vladislav,178
,Ruslan,178
,Taisia,178
,Vyacheslav,178
,German,178
,Grigory,178
,Lev,178
,Pavel,178
,Stepan,178
,Margarita,178
,Eduard,178
,Lada,178
,Albina,178
,Viktor,178
,Immanuil,178
,Konstantin,178
,Alexei,178
,Mikhail,178
,Igor,178
,Nestor,178
,Nadezhda,178
,Oleg,178
,Klavdiya,178
,Boris,178
,Malvina,178
,Sergei,178
,Gleb,178
,Faina,178
,Artur,178
,Irina,178
,Natalya,178
