,Cancianila,203
,Landa,203
,Regla,203
,Vincente,203
,Bebe,203
,Adelmo,203
,Anton,203
,Jair,203
,Georgina,203
,Jaidyn,203
,Chilo,203
,Morganda,203
,Roberto,203
,Teyo,203
,Jenaro,203
,Alazne,203
,Silvia,203
,Bricia,203
,Maciel,203
,Mahogany,203
,Llesenia,203
,Felicisima,203
,Isobel,203
,Marquetta,203
,Julia,203
,Juan,203
,Fraterno,203
,Asunta,203
,Encarnacion,203
,Briseida,203
,Isabel,203
,Dasio,203
,Manuel,203
,Agraciana,203
,Angilberto,203
,Rosemaria,203
,Trella,203
,Melibea,203
,Naolin,203
,Dinora,203
,Anatalia,203
,Segundino,203
,Maribel,203
,Azael,203
,Avellino,203
,Cordero,203
,Decoroso,203
,Fructuosa,203
,Pabla,203
,Eldora,203
,Martez,203
,Quintiliano,203
,Aristeo,203
,Estefany,203
,Nalleli,203
,Jaguar,203
,Necha,203
,Armada,203
,Focio,203
,Gencio,203
,Eustacio,203
,Jaime,203
,Asalia,203
,Basilio,203
,Mireia,203
,Itzel,203
,Taciano,203
,Nuela,203
,Pascuala,203
,Tequilla,203
,Alberto,203
,Lelio,203
,Heraclio,203
,Aleja,203
,Damario,203
,Crescensia,203
,Niguel,203
,Reymundo,203
,Calala,203
,Palemon,203
,Laszio,203
,Donaldo,203
,Justiniana,203
,Mique,203
,Alejandro,203
,Aldonza,203
,Afrika,203
,Espiridiana,203
,Tararia,203
,Tatius,203
,Remedios,203
,Nelo,203
,Pepita,203
,Florisel,203
,Karlos,203
,Faroh,203
,Crisostomo,203
,Jamecia,203
,Incencio,203
,Olivero,203
,Belarmina,203
,Acilino,203
,Maricruz,203
,Acalan,203
,Macarena,203
,Belia,203
,Amancio,203
,Elonzo,203
,Caparina,203
,Siervo,203
,Deocaro,203
,Calixto,203
,Clarita,203
,Consuela,203
,Atreo,203
,Clodoveo,203
,Ofelia,203
,Carmen,203
,Pefilia,203
,Felix,203
,Xusto,203
,Anitra,203
,Varian,203
,Celadonia,203
,Zimena,203
,Carlos,203
,Xochitl,203
,Malaquias,203
,Gaspara,203
,Ria,203
,Oswaldo,203
,Zacaris,203
,Bertin,203
,Amparo,203
,Karyme,203
,Rio,203
,Huberto,203
,Blasios,203
,Grau,203
,Adana,203
,Damasia,203
,Osias,203
,Maite,203
,Remedio,203
,Tiburcia,203
,Begona,203
,Jesusa,203
,Analena,203
,Savana,203
,Sevilla,203
,Deina,203
,Presencia,203
,Altagracia,203
,Rudencinda,203
,Onesimo,203
,Armonda,203
,Epifanio,203
,Salinas,203
,Socorro,203
,Rosalind,203
,Zarita,203
,Rolando,203
,Hector,203
,Asella,203
,Belinda,203
,Romulus,203
,Andrea,203
,Democles,203
,Montego,203
,Martese,203
,Alta,203
,Porfirio,203
,Ermano,203
,Maximiano,203
,Jayde,203
,Pepe,203
,Pilar,203
,Arely,203
,Edelmera,203
,Cezar,203
,Alonso,203
,Dita,203
,Filadelfo,203
,Castel,203
,Apolonio,203
,Pancho,203
,Catarino,203
,Jaeda,203
,Sereno,203
,Pabiola,203
,Elfelda,203
,Ernesta,203
,Agusto,203
,Adolfina,203
,Estefania,203
,Marisabela,203
,Ricardo,203
,Dexter,203
,Incarnazion,203
,Guillerma,203
,Oleda,203
,Turi,203
,Nestor,203
,Sergio,203
,Decarlos,203
,Libia,203
,Abila,203
,Victor,203
,Jesus,203
,Chenche,203
,Ignacio,203
,Jose,203
,Hipolito,203
,Hidalgo,203
,Ventura,203
,Estevan,203
,Graciano,203
,Herculano,203
,Savannah,203
,Almudena,203
,Josemanuel,203
,Sorya,203
,Ramirez,203
,Efenia,203
,Guadalupe,203
,Gilberto,203
,Denis,203
,Gorane,203
,Nicolasa,203
,Tino,203
,Rodolfo,203
,Arsenio,203
,Dionisio,203
,Ezio,203
,Marceliano,203
,Chela,203
,Benicio,203
,Infantita,203
,Abejundio,203
,Teresa,203
,Zaina,203
,Baldomera,203
,Apolinaria,203
,Abrille,203
,Eladio,203
,Anelina,203
,Raimunda,203
,Edgardo,203
,Luminosa,203
,Rigaberto,203
,Nemesio,203
,Anahi,203
,Ganimedes,203
,Eberto,203
,Legarre,203
,Fortunato,203
,Libio,203
,Vitoria,203
,Fidencio,203
,Senalda,203
,Concelia,203
,Maritza,203
,Alfonso,203
,Henriqua,203
,Andres,203
,Yncarnacion,203
,Lur,203
,Ramiero,203
,Valien,203
,Cid,203
,Oalo,203
,Primitivo,203
,Lorenzo,203
,Jairo,203
,Mayte,203
,Felicidad,203
,Conrado,203
,Engracia,203
,Fructuoso,203
,Arcadio,203
,Macario,203
,Marita,203
,Amora,203
,Xeneroso,203
,Rogelio,203
,Pedro,203
,Chago,203
,Orfalinda,203
,Alfonsa,203
,Aracely,203
,Fermin,203
,Adelia,203
,Alamar,203
,Adalcira,203
,Xevera,203
,Prudenciana,203
,Patricio,203
,Vladimiro,203
