,magnolia,230
,natalie,230
,janessa,230
,krystal,230
,rudy,230
,lazaro,230
,alissa,230
,fisher,230
,callan,230
,dilan,230
,hans,230
,houston,230
,kenia,230
,brantley,230
,tyree,230
,tessa,230
,simon,230
,clarissa,230
,raymundo,230
,erica,230
,felipe,230
,adalberto,230
,leonard,230
,zachary,230
,zaiden,230
,azaria,230
,ryann,230
,cornell,230
,roscoe,230
,sonia,230
,kamron,230
,nathaniel,230
,madelyn,230
,cason,230
,jaxen,230
,flynn,230
,berry,230
,naomi,230
,columbus,230
,ken,230
,stanford,230
,lilah,230
,jocelynn,230
,willy,230
,maurice,230
,louie,230
,scarlette,230
,maeve,230
,rogelio,230
,hadassah,230
,carl,230
,saige,230
,jadiel,230
,kobe,230
,bobby,230
,phil,230
,india,230
,bethany,230
,garland,230
,les,230
,kelsey,230
,katelynn,230
,johnie,230
,rayne,230
,alisson,230
,daniel,230
,robert,230
,yael,230
,rueben,230
,harmony,230
,makenna,230
,remy,230
,stanley,230
,rocco,230
,mercedes,230
,cain,230
,omari,230
,kaitlyn,230
,marilyn,230
,lydia,230
,george,230
,brian,230
,long,230
,lauren,230
,kailani,230
,norberto,230
,anderson,230
,gil,230
,yaritza,230
,gunnar,230
,allison,230
,colin,230
,erick,230
,jere,230
,brenden,230
,britt,230
,shelby,230
,aisha,230
,hayes,230
,max,230
,asa,230
,kara,230
,nova,230
,wilton,230
,julie,230
,beau,230
,natasha,230
,talia,230
,mariano,230
,malik,230
,jude,230
,tristin,230
,lucca,230
,alani,230
,brodie,230
,regan,230
,denzel,230
,lilian,230
,addisyn,230
,jaylynn,230
,bradford,230
,halle,230
,agustin,230
,gemma,230
,caylee,230
,faith,230
,kendrick,230
,irene,230
,lila,230
,amy,230
,yosef,230
,delmar,230
,russel,230
,tyson,230
,santo,230
,valentine,230
,lilyana,230
,cristobal,230
,danilo,230
,rashad,230
,francis,230
,ronny,230
,branden,230
,doyle,230
,pat,230
,campbell,230
,madelynn,230
,landen,230
,alan,230
,karma,230
,kareem,230
,melany,230
,lainey,230
,charleigh,230
,alejandra,230
,nicole,230
,scot,230
,collin,230
,aryanna,230
,trent,230
,sawyer,230
,owen,230
,emory,230
,harvey,230
,malakai,230
,kenny,230
,kellan,230
,maxwell,230
,carlee,230
,larry,230
,dudley,230
,wendell,230
,porter,230
,dominick,230
,paulina,230
,marisol,230
,evangeline,230
,elliott,230
,meadow,230
,rayden,230
,justice,230
,milania,230
,jace,230
,fatima,230
,darrell,230
,alexandria,230
,walter,230
,lon,230
,moses,230
,jefferson,230
,charlize,230
,atlas,230
,kris,230
,alayah,230
Kenneth Davison,Benjamin,230
,lana,230
,braxton,230
,ashlynn,230
,aliana,230
,foster,230
,neal,230
,enzo,230
,rodger,230
,nataly,230
,cristiano,230
,santana,230
,averi,230
,tate,230
,isabella,230
,annabel,230
,corey,230
,rubin,230
,gabriela,230
Wright,Casey,230
,apollo,230
,nylah,230
,lauryn,230
,efren,230
,isaac,230
,mayson,230
,ross,230
,edwardo,230
,ezequiel,230
,jakob,230
,jaiden,230
,janae,230
,alyson,230
,arden,230
,preston,230
,cristian,230
,yamileth,230
,crosby,230
,wallace,230
,brinley,230
,lewis,230
,osvaldo,230
,lincoln,230
,zoe,230
,truman,230
,isiah,230
,anders,230
,samir,230
,marina,230
,renee,230
,jett,230
,ronan,230
,coraline,230
,heaven,230
,don,230
,aubrey,230
,lillianna,230
,kameron,230
,camilo,230
,sol,230
,adelynn,230
,tomas,230
,scotty,230
,sam,230
,kaiden,230
,carroll,230
,gregory,230
,stanton,230
,gaston,230
,melvin,230
,quentin,230
,kiara,230
,mckayla,230
,jurnee,230
,benton,230
,matthias,230
,dwight,230
,ivan,230
,crew,230
,axel,230
,rudolf,230
,diana,230
,phoenix,230
,shayne,230
,luz,230
,efrain,230
,rene,230
,christopher,230
,emery,230
Garrett,Gregory,230
,lizbeth,230
,kristopher,230
,jovanni,230
,ron,230
,norris,230
,maison,230
,aditya,230
,odis,230
,audrina,230
,lina,230
,lola,230
,deegan,230
Mueller,Matt,230
,julia,230
,monroe,230
,arlen,230
,sal,230
,emily,230
,arron,230
,alessandra,230
,cynthia,230
,lisa,230
,amos,230
,uriel,230
,grace,230
,veronica,230
,zachariah,230
,dorian,230
,malaysia,230
,ryleigh,230
,joesph,230
,ephraim,230
,marley,230
,kylee,230
,roland,230
,rosemary,230
,frederic,230
,margaret,230
,zaire,230
O'Neill,Adam,230
,jaylah,230
,marlin,230
,kason,230
,drake,230
,gerry,230
,jean,230
,mckinley,230
,sophia,230
,delbert,230
,elle,230
,jess,230
,westin,230
,sonny,230
,hudson,230
,bruno,230
,chet,230
,rudolph,230
,logan,230
,jayceon,230
,thiago,230
,cruz,230
,kimora,230
,myla,230
,kathryn,230
,nora,230
,luther,230
,dalilah,230
,damian,230
,sylas,230
,jay,230
,alessandro,230
,brantlee,230
,gordon,230
,jimmie,230
,marcellus,230
,reed,230
,vince,230
,lorelei,230
,hoyt,230
,wm,230
,victoria,230
,gerard,230
,vanessa,230
,celine,230
,patricia,230
,gia,230
,nathan,230
,stephan,230
,raelynn,230
,asia,230
,mel,230
,malcom,230
,arianna,230
,jaylen,230
,denny,230
,burl,230
,elden,230
,clair,230
,atticus,230
,gayle,230
,bryan,230
,annie,230
,garry,230
,macie,230
,michaela,230
,wyatt,230
,ivy,230
,jada,230
,titan,230
,landyn,230
,eugenio,230
,vincent,230
,kayson,230
,dewayne,230
,makhi,230
,mitchel,230
,stephen,230
,clint,230
,rosa,230
,bella,230
,miles,230
,sheldon,230
,ollie,230
,brysen,230
,reginald,230
,quintin,230
,gene,230
,kenna,230
,dixie,230
,darnell,230
,bobbie,230
,mike,230
,brielle,230
,zahra,230
,anthony,230
,wendy,230
,kody,230
,williams,230
,troy,230
,erin,230
,sierra,230
,scarlett,230
,belen,230
,jeromy,230
,chance,230
,alayna,230
,orlando,230
,shayla,230
,holden,230
,charles,230
,tiana,230
,bert,230
,kayleigh,230
,kamila,230
,clifford,230
,kolten,230
,roxanne,230
,luke,230
,paisley,230
,pierre,230
,franco,230
,madden,230
,darius,230
,chad,230
,kieth,230
,dannie,230
,rory,230
,julian,230
,charli,230
,jorden,230
,ben,230
,horace,230
,santos,230
,devin,230
,abe,230
,dax,230
,rebecca,230
,garret,230
,del,230
,deandre,230
,taliyah,230
,will,230
,hayley,230
,shelton,230
,kian,230
,madison,230
,rey,230
,kirk,230
,caiden,230
,kamryn,230
,conor,230
,kraig,230
,chas,230
,jolie,230
,sergio,230
,jarred,230
,isabela,230
,eldridge,230
,gloria,230
,cole,230
,hadlee,230
,keaton,230
,edmond,230
,hannah,230
,salvatore,230
,maryam,230
,galilea,230
,mohamed,230
,jasmine,230
,jayde,230
,claudio,230
,genaro,230
,keyla,230
,otto,230
,briella,230
,cecelia,230
,lloyd,230
,howard,230
,florentino,230
,alina,230
,tim,230
,ashton,230
,german,230
,courtney,230
,amir,230
,arthur,230
,josh,230
,blaine,230
,ahmad,230
,natalee,230
,werner,230
,sherlyn,230
,melody,230
,alonzo,230
,cullen,230
,chanel,230
,alyssa,230
,warner,230
,lailah,230
,alisha,230
,gianna,230
,bo,230
,luciano,230
,claudia,230
,gail,230
,lawrence,230
,coleman,230
,mariyah,230
,america,230
,coy,230
,emilio,230
,tegan,230
,timmy,230
,ariel,230
,russell,230
,kase,230
,ed,230
,alice,230
,orville,230
,sid,230
,rosalie,230
,chauncey,230
,colten,230
,reuben,230
,emmalyn,230
,ezra,230
,arlie,230
,eden,230
,dewey,230
,chaya,230
,astrid,230
,amia,230
,augustus,230
,orval,230
,legend,230
,noelle,230
,thad,230
,margarito,230
,brylee,230
,zuri,230
,theodore,230
,gavin,230
,marion,230
,rebekah,230
,gael,230
,braelynn,230
,keven,230
,perry,230
,rusty,230
,damien,230
,kyla,230
,julianne,230
,colette,230
,alondra,230
,emely,230
,kurt,230
,annabell,230
,anya,230
,calvin,230
,lyman,230
,connor,230
,morton,230
,lester,230
,wilbur,230
,kelvin,230
,eli,230
,charlee,230
,iris,230
,adan,230
,tod,230
,drew,230
,daniella,230
,sherwood,230
,nina,230
,chandler,230
,otha,230
,ari,230
,davian,230
,jairo,230
,triston,230
,kalel,230
,toney,230
,humberto,230
,bodhi,230
,laurel,230
,federico,230
,rylie,230
,dawson,230
,ahmed,230
,murray,230
,danny,230
,kailee,230
,farrah,230
,wilber,230
,edith,230
,fidel,230
,maximiliano,230
,dayana,230
,stevie,230
,journey,230
,leila,230
,madalynn,230
,rickie,230
,ruby,230
,ayaan,230
,forest,230
,ruth,230
,seymour,230
,micheal,230
,virgil,230
,rolf,230
,emil,230
,jaylene,230
,boyce,230
,jax,230
,darian,230
,karissa,230
,dana,230
,aria,230
,keneth,230
,briggs,230
,everette,230
,rylee,230
,nadia,230
,garrett,230
,ryker,230
,ellen,230
,daisy,230
,maria,230
,alivia,230
,lilianna,230
,ismael,230
,kensley,230
,dylan,230
,filiberto,230
,haleigh,230
,buford,230
,bentlee,230
,kristian,230
,jair,230
,jimmy,230
,cooper,230
,pearl,230
,esme,230
,fredrick,230
,allan,230
,landon,230
,hailey,230
,stephanie,230
,milena,230
,tenley,230
,andrea,230
,azalea,230
,maddison,230
,clark,230
,annabelle,230
,tony,230
,roberto,230
,royce,230
,adrian,230
,bowen,230
,blaise,230
,lorelai,230
,aniyah,230
,lonny,230
,derek,230
,hattie,230
,tinley,230
,rafael,230
,josue,230
,audrianna,230
,stetson,230
,deacon,230
,jaden,230
,lyric,230
,barbara,230
,lilliana,230
,carley,230
,danielle,230
,jazmine,230
,craig,230
,armani,230
,wesley,230
,terrence,230
,monica,230
,audrey,230
,paige,230
,edgar,230
,sincere,230
,tamia,230
,london,230
,norah,230
,braylee,230
,luka,230
,jamir,230
,bernard,230
,tobias,230
,tripp,230
,amiyah,230
,gonzalo,230
,theron,230
,kimber,230
,paloma,230
,kieran,230
,lillie,230
,hadley,230
,giavanna,230
,kora,230
,yong,230
,kolton,230
,peter,230
,ingrid,230
,angela,230
Teoh,Jason,230
,celeste,230
,griffin,230
,tyron,230
,jaylee,230
,layne,230
,major,230
,angelo,230
,joy,230
,dorsey,230
,muhammad,230
,maggie,230
,chang,230
,ernest,230
,kori,230
,roy,230
,jayson,230
,milton,230
,raymon,230
,kyle,230
,christoper,230
,pierce,230
,jaxton,230
,gilbert,230
,alejandro,230
,weston,230
,tori,230
,noel,230
,alfonzo,230
,penny,230
,young,230
,lawson,230
,mackenzie,230
,saul,230
,marty,230
,khloe,230
,rob,230
,imani,230
,sara,230
,everleigh,230
,isabelle,230
,freya,230
,vivian,230
,richie,230
,callie,230
,chadwick,230
,messiah,230
,archie,230
,zander,230
,selena,230
,martha,230
,emilee,230
,ezekiel,230
,malcolm,230
,tuan,230
,albert,230
,vihaan,230
,donnie,230
,adeline,230
,janelle,230
,magnus,230
,cindy,230
,edmund,230
,alison,230
,winfred,230
,tad,230
,kaden,230
,destiny,230
,lynwood,230
,bertram,230
Roberts,Jason,230
,mira,230
,ayanna,230
,julius,230
,reece,230
,haywood,230
,delmer,230
,thalia,230
,sebastian,230
,remington,230
,elijah,230
,nasir,230
,leandro,230
,hunter,230
,arabella,230
,addilyn,230
,king,230
,paityn,230
,freddy,230
,rosario,230
,dorothy,230
,jonah,230
,herschel,230
,annalee,230
,jalen,230
,esteban,230
,mckenzie,230
,josie,230
,buster,230
,neymar,230
,edwin,230
,mila,230
,paola,230
,chaim,230
,jospeh,230
,brennan,230
,derrick,230
,kendra,230
,spencer,230
,daron,230
,princess,230
,sean,230
,estelle,230
,cataleya,230
,saylor,230
,winston,230
,sandra,230
,ean,230
,mckenna,230
,janiya,230
,brant,230
,elroy,230
,lemuel,230
,emile,230
,xavi,230
,joan,230
,isabel,230
,jonathon,230
,kymani,230
,desiree,230
,emerie,230
,danica,230
,karson,230
,renato,230
,arlo,230
,elizabeth,230
,tara,230
,alicia,230
,kurtis,230
,cornelius,230
,korbin,230
,emilie,230
,zane,230
,devyn,230
,kasey,230
,jordan,230
,johnson,230
,daxton,230
,errol,230
,cody,230
,ned,230
,sharon,230
,jermaine,230
,clemente,230
,tommie,230
,chuck,230
,ralph,230
,eddie,230
,thatcher,230
,miley,230
,tom,230
,jimena,230
,raiden,230
,lucy,230
,pete,230
,dino,230
,monty,230
,kassandra,230
,tatiana,230
,rosendo,230
,estrella,230
,zariah,230
,lorenzo,230
,shaun,230
,nathalie,230
,arjun,230
,andre,230
,kyson,230
,niko,230
,loren,230
,miya,230
,nayeli,230
,blake,230
,robbie,230
,melanie,230
,ike,230
,napoleon,230
,elyse,230
,hendrix,230
,pablo,230
,knox,230
,sadie,230
,jonas,230
,irving,230
,arnold,230
,joselyn,230
,ulises,230
,joyce,230
,daniela,230
,jacinto,230
,kinley,230
,case,230
,kaleigh,230
,kellen,230
,fred,230
,marjorie,230
,ferdinand,230
,maxim,230
,samson,230
,javier,230
,jazlyn,230
,chana,230
,darrel,230
,waylon,230
,gary,230
,raleigh,230
,seth,230
,bristol,230
,jarod,230
,emmitt,230
,maynard,230
,benito,230
,arya,230
,kannon,230
,marissa,230
,manual,230
,priscilla,230
,geoffrey,230
,korey,230
,camilla,230
,bradley,230
,jerry,230
,stacy,230
,gracie,230
,allie,230
,ray,230
,kyrie,230
,devon,230
,morgan,230
,lucius,230
,arielle,230
,braelyn,230
,emmalynn,230
,tabitha,230
,maia,230
,jamaal,230
,clara,230
,leonidas,230
,ellie,230
,kai,230
,kaylie,230
,kinsley,230
,willa,230
,paris,230
,jamey,230
,violet,230
,zain,230
,mateo,230
,dulce,230
,finnegan,230
,elliana,230
,booker,230
,lucio,230
,jayce,230
,kaylynn,230
,ira,230
,josephine,230
,benedict,230
,jeremy,230
,cassidy,230
,jovani,230
,daleyza,230
,lyndon,230
,jamar,230
,emmanuel,230
,jarvis,230
,evelynn,230
,dion,230
,elliot,230
,donovan,230
,deangelo,230
,stella,230
,wilson,230
,anne,230
,alphonso,230
,jeramy,230
,archer,230
,mariana,230
,nathaly,230
,isreal,230
,valeria,230
,liberty,230
,sariah,230
,izabella,230
,odell,230
,leona,230
,wally,230
,marco,230
,brynn,230
,zachery,230
,linwood,230
,lyle,230
,melina,230
,kingston,230
,autumn,230
,joseph,230
,pedro,230
,vincenzo,230
,jenny,230
,azariah,230
,marquis,230
,laylah,230
,draven,230
,duane,230
,walker,230
,ethan,230
,rich,230
,raymond,230
,channing,230
,alaysia,230
,porfirio,230
,selah,230
,keith,230
,braylen,230
,nigel,230
,harold,230
,richard,230
,zayn,230
,kenzie,230
,terence,230
,herbert,230
,jazmin,230
,fabian,230
,wilmer,230
,luigi,230
,theo,230
,declan,230
,ayla,230
,jaelynn,230
,cliff,230
,kennith,230
,dennis,230
,liv,230
,judith,230
,samiyah,230
,trenton,230
,anna,230
,jame,230
,crystal,230
,johnathon,230
,cheyenne,230
,cary,230
,millie,230
,weldon,230
,renaldo,230
,aubrianna,230
,kairi,230
,erika,230
,aiden,230
,sammie,230
,angelique,230
,gibson,230
,oscar,230
,perla,230
,lupe,230
,alexzander,230
,darrin,230
,adrienne,230
,giovanni,230
,gwyneth,230
,valentino,230
,lionel,230
,mariah,230
,cletus,230
,christine,230
,antonia,230
,kristina,230
,herman,230
,malia,230
,ivanna,230
,harland,230
,rowan,230
,camille,230
,andy,230
,angelina,230
,moshe,230
,garth,230
,sanford,230
,avery,230
,hamza,230
,ali,230
,xander,230
,cecil,230
,val,230
,jessica,230
,serenity,230
,bianca,230
,barry,230
,cecilia,230
,maliah,230
,kayla,230
,jade,230
,madilynn,230
,summer,230
,deon,230
,rickey,230
,hayden,230
,savanna,230
,adriel,230
,vernon,230
,wilburn,230
,earl,230
,corbin,230
,kailyn,230
,lucien,230
Adler,Vanessa,230
,tracy,230
,taylor,230
,angelica,230
,estella,230
,steven,230
,mose,230
,valentina,230
,jaime,230
,fernando,230
,jc,230
,justin,230
,elena,230
,katelyn,230
,fiona,230
,bart,230
,graeme,230
,abby,230
,thomas,230
,jody,230
,gideon,230
,kaliyah,230
,yaretzi,230
,abrielle,230
,justus,230
,adolfo,230
,evie,230
,carlton,230
,aron,230
,chase,230
,lara,230
,alyvia,230
,eliana,230
,donald,230
,claud,230
,desmond,230
,mohammed,230
,donte,230
,roselyn,230
,aryan,230
,greyson,230
,raelyn,230
,beckett,230
,clare,230
,terrance,230
,tyrone,230
,corban,230
,carly,230
,ariah,230
,raven,230
,abril,230
,dario,230
,jensen,230
,allen,230
,doug,230
,trace,230
,andrew,230
,harley,230
,ellsworth,230
,william,230
,alanna,230
,eldon,230
,miriam,230
,benjamin,230
,granville,230
,eliza,230
,augustine,230
,konnor,230
,jarrett,230
,keenan,230
,matteo,230
,patrick,230
,lucas,230
,kingsley,230
,caitlin,230
,cesar,230
,hana,230
,rodney,230
,delaney,230
,sammy,230
,bryanna,230
,uriah,230
,buck,230
,teagan,230
,sarahi,230
,kim,230
,ayana,230
,camryn,230
,curtis,230
,ellis,230
,eduardo,230
,keagan,230
,aspen,230
,virgilio,230
,amanda,230
,kirby,230
,robin,230
,stewart,230
,kaylee,230
,gerald,230
,aarav,230
,juniper,230
,danika,230
,rose,230
,paul,230
,siena,230
,douglass,230
,giuliana,230
,salvador,230
,brice,230
,rayan,230
,maliyah,230
,cedrick,230
,rayna,230
,dustin,230
,shad,230
,jessie,230
,vance,230
,zack,230
,neville,230
,kaylen,230
,scottie,230
Lofgren,Peter,230
,arely,230
,sydney,230
,adam,230
,diego,230
,basil,230
,jasmin,230
,paula,230
Wilson,Jeff,230
,kolby,230
,enrique,230
,mervin,230
,stacey,230
,jamel,230
,paislee,230
,josef,230
,brynlee,230
,mary,230
,jason,230
,donny,230
,alaya,230
,alvin,230
,earle,230
,rex,230
,milana,230
,jaycob,230
,frank,230
,franklin,230
,kylie,230
,trinity,230
,ricky,230
,moriah,230
,dan,230
,jillian,230
,dale,230
,daryl,230
,amelie,230
,payton,230
,rico,230
,marleigh,230
,brayan,230
,isaias,230
,laney,230
,milan,230
,leopoldo,230
,dean,230
,nicolas,230
,nico,230
,sage,230
,mekhi,230
,amare,230
,judson,230
,carter,230
,maddox,230
,edmundo,230
,charley,230
,sloane,230
,wilbert,230
,iliana,230
,fletcher,230
,antony,230
,alfredo,230
,kennedy,230
,breanna,230
,corinne,230
,emelia,230
,ronin,230
,maximilian,230
,lexie,230
,kristofer,230
,talon,230
,samual,230
,alena,230
,maxton,230
,byron,230
,arnulfo,230
,josiah,230
,princeton,230
,odin,230
,son,230
,yahir,230
,kailey,230
,tory,230
,anson,230
,domenic,230
,malaya,230
,dane,230
,giuseppe,230
Mauney,Lisa,230
,salma,230
,hollis,230
,lino,230
,kevin,230
,aliyah,230
,santino,230
,amani,230
,bernardo,230
,gus,230
,mickey,230
,mikaela,230
,lowell,230
Dufair,Jason,230
,brad,230
,forrest,230
,tommy,230
,eugene,230
,zayne,230
,leighton,230
,angie,230
,demi,230
,mercy,230
,ellison,230
,lukas,230
,eloy,230
,elisa,230
,teodoro,230
,merlin,230
,raphael,230
,everly,230
,victor,230
,harris,230
,cordell,230
,hallie,230
,clinton,230
,bently,230
,kallie,230
,carmen,230
,brenton,230
,annalise,230
,heather,230
,nickolas,230
,gabriel,230
,norbert,230
,jolene,230
,todd,230
,brooklyn,230
,armando,230
,aaron,230
,zackary,230
,saniya,230
,sofia,230
,rigoberto,230
,aurelio,230
,elsie,230
,kadence,230
,ronnie,230
,alma,230
,jake,230
,alberto,230
,christina,230
,sidney,230
,nick,230
,deshawn,230
,otis,230
,alexis,230
,carlo,230
,roderick,230
,mauricio,230
,lillian,230
,trevor,230
,libby,230
,hugh,230
Golubski,Gary,230
,van,230
,elin,230
,raylan,230
,liliana,230
,bayleigh,230
,jacqueline,230
,wren,230
,oswaldo,230
,cleo,230
,steve,230
,karlie,230
,gauge,230
,renata,230
,issac,230
,joshua,230
,lawerence,230
,willis,230
,brock,230
,zaniyah,230
,patience,230
,leland,230
,johan,230
,colton,230
,marlon,230
,wade,230
,hailee,230
,jasper,230
,brett,230
,kash,230
,reinaldo,230
,temperance,230
,robt,230
,barrett,230
,khalil,230
,ariana,230
,juliana,230
,bennett,230
,peyton,230
,elise,230
,jose,230
,cayden,230
,wilford,230
,gavyn,230
,emmaline,230
,maximo,230
,axton,230
,journee,230
,haven,230
,virginia,230
,jeffery,230
,riley,230
,harrison,230
,madilyn,230
,jenna,230
,ricardo,230
,octavio,230
,abram,230
,keira,230
,david,230
,erasmo,230
,abel,230
,broderick,230
,joe,230
,denver,230
,rupert,230
,karis,230
,lennon,230
,rolando,230
,aaden,230
,zoie,230
,tiffany,230
,jameson,230
,floyd,230
,darron,230
,boston,230
,matilda,230
,helena,230
,kohen,230
,adrien,230
,woodrow,230
,karen,230
,judah,230
,jamal,230
,reagan,230
,ximena,230
,kenton,230
,derick,230
,micah,230
,reggie,230
,manuel,230
,amirah,230
,galen,230
,tanner,230
,valentin,230
,hershel,230
,duncan,230
,dominik,230
,fausto,230
,johanna,230
,amaya,230
,titus,230
,brooklynn,230
,fritz,230
,briana,230
,jamarion,230
,averie,230
,anabelle,230
,charlotte,230
,romeo,230
,allyson,230
,kira,230
,brooke,230
,alexia,230
,henry,230
,markus,230
,xzavier,230
,miller,230
,aubree,230
,jeff,230
,casen,230
,parker,230
,fredric,230
,mauro,230
,jaylin,230
,elvin,230
,izaiah,230
,jayden,230
,damon,230
,amara,230
,solomon,230
,clayton,230
,carlie,230
,grady,230
,elisha,230
,frankie,230
,laura,230
,mikel,230
,giovani,230
,ariyah,230
,angeline,230
,marvin,230
,conner,230
,bryn,230
,ward,230
,august,230
,leroy,230
,art,230
,miguel,230
,kerry,230
,len,230
,adrianna,230
,skye,230
,callum,230
,kenneth,230
,buddy,230
,rodrick,230
,roger,230
,georgia,230
,sienna,230
,willie,230
,anabel,230
,gilberto,230
,dakota,230
,jaydon,230
,noah,230
,kayden,230
,zoey,230
,joel,230
,willard,230
,leon,230
,catalina,230
,bennie,230
,israel,230
,dayton,230
,brendon,230
,emerson,230
,maci,230
,wilfredo,230
,glenn,230
,dewitt,230
,camdyn,230
,mathias,230
,miranda,230
,matt,230
,lamar,230
,davis,230
,kane,230
,dangelo,230
,frances,230
,greg,230
Fish,Jason,230
,burt,230
,ada,230
,grover,230
,finley,230
,zavier,230
,karly,230
,avianna,230
,gustavo,230
,lacey,230
,darwin,230
,andres,230
,irvin,230
,giselle,230
,michale,230
,arturo,230
,layla,230
,milford,230
,megan,230
,eliseo,230
,prince,230
,lesley,230
,noemi,230
,simone,230
,vera,230
,nevaeh,230
,layton,230
,elisabeth,230
,jadon,230
,gianni,230
,brent,230
,jane,230
,anahi,230
,cortez,230
,giovanna,230
,javon,230
,konner,230
,alphonse,230
,cohen,230
,marcos,230
,ibrahim,230
,fernanda,230
,marc,230
,genevieve,230
,jazlynn,230
,katherine,230
,skylar,230
,daren,230
,michel,230
,kyree,230
,man,230
,chloe,230
,ishaan,230
,athena,230
,burton,230
,nia,230
,von,230
,bud,230
,shawn,230
,elvis,230
,hobert,230
,kassidy,230
,nicholas,230
,quinn,230
,denis,230
,lyla,230
,antonio,230
,aubrie,230
,elsa,230
,baylee,230
,adalyn,230
,antone,230
,ireland,230
,andreas,230
,sloan,230
,kaia,230
,aaliyah,230
,terry,230
,neriah,230
,jemma,230
,ryder,230
,carson,230
,destinee,230
,dong,230
Swan,Erik,230
,alaina,230
,misael,230
,leonel,230
,madyson,230
,francisco,230
,hai,230
,luna,230
,malachi,230
,reyna,230
,marcelo,230
,araceli,230
,darren,230
,elianna,230
,leo,230
,skyla,230
,numbers,230
,camden,230
,dallas,230
,robby,230
,miquel,230
,herb,230
,danna,230
,jarrod,230
,terrell,230
,florencio,230
,alfonso,230
,aubri,230
,lilly,230
,karsyn,230
,britney,230
,rhett,230
,hyman,230
,barton,230
,olive,230
,ervin,230
,leslie,230
,isis,230
,branson,230
,adelaide,230
,tristan,230
,jackie,230
,jan,230
,boyd,230
,glen,230
,anabella,230
,matias,230
,kenley,230
,gale,230
,ace,230
,roosevelt,230
,brooks,230
,ciara,230
,finn,230
,dirk,230
,juliet,230
,chris,230
,cedric,230
,davin,230
,julianna,230
,javion,230
,wilfred,230
,braydon,230
,curt,230
,johnny,230
Look,Jonathan,230
,waldo,230
,monte,230
,kyleigh,230
,stan,230
,omer,230
,margot,230
,randell,230
,aurelia,230
,garfield,230
,hiram,230
,domingo,230
,stuart,230
,oren,230
,randall,230
,haylee,230
,lindsay,230
,turner,230
,kendall,230
,nestor,230
,francesca,230
Turley,Patrick,230
,yusuf,230
,sterling,230
,leilani,230
,grayson,230
,nikolas,230
,eddy,230
,whitney,230
,daphne,230
,skyler,230
,deborah,230
,amiya,230
,madalyn,230
,camila,230
,kaiya,230
,samantha,230
,demetrius,230
,harlan,230
,april,230
,bryleigh,230
,duke,230
,mariam,230
,scott,230
,jefferey,230
,dwain,230
,aiyana,230
,marcus,230
,kole,230
,izayah,230
,gannon,230
,alva,230
,miah,230
,kory,230
,immanuel,230
,darin,230
,anika,230
,mia,230
,arnoldo,230
,ulysses,230
,emmy,230
,conrad,230
,annika,230
,penelope,230
,shiloh,230
,cristina,230
,jennifer,230
,jacob,230
,madeline,230
,cassius,230
,callen,230
,shirley,230
,luciana,230
,katalina,230
,guy,230
,ameer,230
,caitlyn,230
,darien,230
,enoch,230
,jeremiah,230
,vicente,230
,kelley,230
,jed,230
,eileen,230
,heath,230
,chace,230
,noble,230
,tess,230
,leif,230
,bill,230
,brandon,230
,junior,230
,liam,230
,stefan,230
,itzel,230
,emmalee,230
,joziah,230
,kali,230
,emersyn,230
,lance,230
,evelyn,230
,blakely,230
,presley,230
,giada,230
,lesly,230
,elton,230
,brenda,230
,jim,230
,gwendolyn,230
,jayla,230
,grey,230
,caleb,230
,lachlan,230
,amira,230
Gray,Alexander,230
,nahla,230
,luca,230
,ty,230
,kimberly,230
,reynaldo,230
,chi,230
,nyla,230
,nixon,230
,chong,230
,cadence,230
,jerrell,230
,ana,230
,june,230
,amelia,230
,gabrielle,230
,lucille,230
,alana,230
,carolyn,230
,aleigha,230
,collins,230
,michal,230
,adalynn,230
,marcelino,230
,brody,230
,natalia,230
,zaid,230
,mara,230
,carla,230
,orion,230
,lena,230
,anibal,230
,alexandra,230
,cyril,230
,piper,230
,joaquin,230
,ansley,230
,emilia,230
,lenard,230
,ella,230
,vivienne,230
,gaylord,230
,natalya,230
,jerrold,230
,sang,230
,percy,230
,ares,230
,catherine,230
,mario,230
,moises,230
,tyrell,230
,jerald,230
,thurman,230
,carolina,230
,carmelo,230
,raegan,230
,grant,230
,cannon,230
,giana,230
,lilyanna,230
,jocelyn,230
,lynn,230
,sabrina,230
,arian,230
,sullivan,230
,loyd,230
,zariyah,230
,eusebio,230
,laurence,230
,royal,230
,brain,230
,leyla,230
,chung,230
,casey,230
,hezekiah,230
,morris,230
,arnav,230
,edison,230
,angel,230
,kamden,230
,winford,230
,abdullah,230
,cali,230
,hung,230
,ian,230
,erich,230
,brittany,230
,kade,230
,alia,230
,alexa,230
,isla,230
,dante,230
,billie,230
,thanh,230
,reid,230
,jaelyn,230
,levi,230
,zayden,230
,jamari,230
,jagger,230
,karter,230
,savannah,230
,rodolfo,230
,al,230
,bradly,230
,maya,230
,amina,230
,lucian,230
,diamond,230
,amya,230
,emanuel,230
,hank,230
,ally,230
,aniya,230
,oliver,230
,donnell,230
,cristopher,230
,viviana,230
,kyra,230
,bob,230
,brianna,230
,avah,230
,kaylyn,230
,abigail,230
Taylor,David,230
,hugo,230
,avalyn,230
,bret,230
,guillermo,230
,geraldo,230
,darell,230
,rick,230
,hipolito,230
,jordy,230
,bentley,230
,rodrigo,230
,dahlia,230
,kaysen,230
,hector,230
,shon,230
,travis,230
,vito,230
,wayne,230
,james,230
,hilario,230
,lindsey,230
,sung,230
,meredith,230
,aurora,230
,briley,230
,lilia,230
,billy,230
,eric,230
,sandy,230
,freddie,230
,kaidence,230
,madeleine,230
,shannon,230
,jeffrey,230
,toby,230
,nathanael,230
,jayleen,230
,homer,230
,juelz,230
,ava,230
,ayden,230
,luis,230
,aubrielle,230
,merle,230
,ruben,230
,kaleb,230
,kristen,230
,jesse,230
,nola,230
,kyler,230
,dee,230
,winter,230
,addyson,230
,brayden,230
,mya,230
,marie,230
,adele,230
,barney,230
,kylan,230
,donn,230
,amber,230
,dominique,230
,karl,230
,fermin,230
,mabel,230
,ayleen,230
,louis,230
,damion,230
,sasha,230
,ryan,230
,gino,230
,brycen,230
,kynlee,230
,sherman,230
,phoebe,230
,bailey,230
,lea,230
,aldo,230
,abbigail,230
,rocky,230
,melissa,230
,elmer,230
,matthew,230
,kenya,230
,chelsea,230
Askew,Nicolette,230
,danial,230
,kennedi,230
,reese,230
,aidyn,230
,samara,230
,mustafa,230
,erik,230
,brecken,230
,felicity,230
,wynter,230
,omar,230
,hazel,230
,joslyn,230
,eloise,230
,austin,230
,kaydence,230
,jedidiah,230
,jordynn,230
,braden,230
,carey,230
,clarence,230
,graig,230
,jaycee,230
,jayse,230
,mack,230
,noe,230
,graham,230
,trey,230
,claire,230
,lennox,230
,elwood,230
,susan,230
,randal,230
,palmer,230
,gregg,230
,mason,230
,cameron,230
,randolph,230
,ramon,230
,ariya,230
,gregorio,230
,zainab,230
,antwan,230
,darryl,230
,xavier,230
,ramiro,230
,silas,230
,guadalupe,230
,sarai,230
,belinda,230
,jack,230
,lucia,230
,helen,230
,anastasia,230
,ronald,230
,kiera,230
,lonnie,230
,aydan,230
,easton,230
,cara,230
,shane,230
,armand,230
,tucker,230
,clay,230
,earnest,230
,nash,230
,gracelyn,230
,macey,230
,minh,230
,carrol,230
,laverne,230
Mauney,Brad,230
,clement,230
,bernie,230
,hanna,230
,jordyn,230
,kourtney,230
,linda,230
,davion,230
,jon,230
,rihanna,230
,lochlan,230
,mallory,230
,modesto,230
,aidan,230
,bridget,230
,lilith,230
,demarcus,230
,haley,230
,emmett,230
,jewell,230
,landry,230
,felix,230
,kelly,230
,jacques,230
,vaughn,230
,abraham,230
,nolan,230
,hassan,230
,kent,230
,irwin,230
,dalton,230
,eve,230
,caden,230
,rylan,230
,isidro,230
,jasiah,230
,hosea,230
,kaitlynn,230
,willian,230
,maleah,230
,sky,230
,timothy,230
,rayford,230
,alec,230
,abdiel,230
,edgardo,230
,ignacio,230
,lenny,230
,frederick,230
,zara,230
,amari,230
,jorge,230
,brady,230
,dexter,230
,soren,230
,mina,230
,juan,230
,alton,230
,karla,230
,audriana,230
,dusty,230
,marlee,230
,blaze,230
,bria,230
,cyrus,230
,kate,230
,beckham,230
,yasmin,230
,milo,230
,dick,230
,braeden,230
,russ,230
,dave,230
,genesis,230
,denise,230
,antoine,230
,heidi,230
,cash,230
,aden,230
,nikolai,230
,anton,230
,dillon,230
,tristian,230
,lane,230
,bryce,230
,camren,230
,kyndall,230
,connie,230
,ernie,230
,jaida,230
,thaddeus,230
,benson,230
,raquel,230
,sylvester,230
,gabriella,230
,kasen,230
,mae,230
,ashlyn,230
,erwin,230
,julissa,230
,blair,230
,aileen,230
,normand,230
,mac,230
,cora,230
,giovanny,230
,nicky,230
,joey,230
,jules,230
,bryant,230
,hong,230
,yareli,230
,francesco,230
,beatrice,230
,phillip,230
,benny,230
,carol,230
,esther,230
,harlow,230
,cherish,230
,macy,230
,leigh,230
,olivia,230
,memphis,230
,elaine,230
,ambrose,230
,kylah,230
,rachel,230
,alannah,230
,cory,230
,makenzie,230
,iker,230
,aryana,230
,rod,230
,millard,230
,rowen,230
,elmo,230
,asher,230
,giancarlo,230
,michael,230
,reyes,230
,claude,230
,lanny,230
,serena,230
,jase,230
,ann,230
,emma,230
,marshall,230
,lavern,230
,makayla,230
,amalia,230
,charlie,230
,quinton,230
,adriana,230
,tristen,230
,carlos,230
,lacy,230
,jakobe,230
,teresa,230
,deanna,230
,krish,230
,gracelynn,230
,harlee,230
,jackson,230
,jerome,230
,bailee,230
,julien,230
,madisyn,230
,rivka,230
,aylin,230
,harper,230
,kathleen,230
,quincy,230
,jericho,230
,michelle,230
,caroline,230
,oakley,230
,aydin,230
,langston,230
,leia,230
,horacio,230
,aimee,230
,karina,230
,jayda,230
,regina,230
,liana,230
,adelyn,230
,chester,230
,aviana,230
,adonis,230
,cleveland,230
,jerold,230
,alfred,230
,gwen,230
,mark,230
,jamison,230
,semaj,230
,harry,230
,sylvia,230
,maverick,230
,londyn,230
,douglas,230
,bridger,230
,jacoby,230
,mohammad,230
,river,230
,roman,230
,bronson,230
,lylah,230
,gerardo,230
,rufus,230
,livia,230
,alden,230
,nancy,230
,zechariah,230
,boris,230
,norman,230
,sarah,230
,henley,230
,mathew,230
,jae,230
,elian,230
,paxton,230
,trinidad,230
,tatum,230
,maximus,230
,brentley,230
,lamont,230
,janiyah,230
,clifton,230
,wes,230
,jaliyah,230
,zaria,230
,yair,230
,seamus,230
,molly,230
,freeman,230
,myles,230
,tyler,230
,refugio,230
,huey,230
,leonardo,230
,leah,230
,faustino,230
,charity,230
,addison,230
,mitch,230
,remi,230
,miracle,230
,yousef,230
,lia,230
,kamdyn,230
,ted,230
,merrill,230
,colby,230
,tracey,230
,franklyn,230
,lee,230
,elbert,230
,saniyah,230
,ernesto,230
,karlee,230
,aleah,230
,nathanial,230
,rosie,230
,jewel,230
,lily,230
,ember,230
,raul,230
,ivory,230
,martin,230
,dominic,230
,myra,230
,jerrod,230
,alijah,230
,bryson,230
,clyde,230
,jonathan,230
,wiley,230
,eva,230
,kamari,230
,evan,230
,edward,230
,everett,230
,aliya,230
,valerie,230
,anaya,230
,joanna,230
,greta,230
,eleanor,230
,johnnie,230
,hilton,230
,camron,230
,antione,230
,brenna,230
,nelson,230
,kiley,230
,taryn,230
,hal,230
,rhys,230
,juliette,230
,warren,230
,lexi,230
,sophie,230
,rolland,230
,kiana,230
,makena,230
,darrick,230
,kaya,230
,zeke,230
,killian,230
,myron,230
,kaelyn,230
,heriberto,230
,dwayne,230
,felton,230
,esmeralda,230
,aleena,230
,jordon,230
,olin,230
,davon,230
,vern,230
,teddy,230
,mitchell,230
,ariella,230
,katie,230
,julio,230
,lou,230
,olen,230
,brendan,230
,yadiel,230
,delilah,230
,jamie,230
,marcel,230
,myah,230
,garrison,230
,scarlet,230
,neil,230
,jaxson,230
,emiliano,230
,gunner,230
,amado,230
,philip,230
,raina,230
,kermit,230
,aliza,230
,nehemiah,230
,samuel,230
,ryland,230
,hope,230
,johnathan,230
,carmine,230
,adelina,230
,bruce,230
,alvaro,230
,isaiah,230
,alex,230
,makai,230
,ashley,230
,willow,230
,gage,230
,randy,230
,laila,230
,bryon,230
,abdul,230
,alexander,230
,john,230
,lillyana,230
,walton,230
,newton,230
,christian,230
,celia,230
,alonso,230
,pasquale,230
,braiden,230
,sutton,230
,mollie,230
,jeffry,230
,annabella,230
,keegan,230
,kale,230
,jared,230
,leanna,230
,elaina,230
Sarnacke,Patrick,230
,zion,230
,mikayla,230
,evalyn,230
,cayson,230
,urijah,230
,kaeden,230
,braylon,230
,kaylin,230
,rohan,230
,hubert,230
,adolph,230
,ainsley,230
,santiago,230
,marianna,230
,cassandra,230
,jaxon,230
,elias,230
,castiel,230
,holly,230
,kip,230
,jesus,230
,colt,230
,cade,230
