,Tung,235
,Quy,235
,Nhan,235
,Vinh,235
,Thu,235
,Lanh,235
,Am,235
,Huu,235
,Cuc,235
,Phuok,235
,Thian,235
,Quoc,235
,Chien,235
,Dinh,235
,Vien,235
,Viet,235
,Danh,235
,Hieu,235
,Bian,235
,Buu,235
,Nam,235
,Xuan,235
,Bay,235
,Thai,235
,Thuaan,235
,Tin,235
,Kim-ly,235
,Ngon,235
,Nguyet,235
,Gia,235
,Ngoc,235
,Phuoc,235
,Trong,235
,Thuc,235
,Thanh,235
,Ping,235
,Duc,235
,Duy,235
,Dai,235
,Bao,235
,Hang,235
,Quan,235
,Huy,235
,Trung,235
,Hao,235
,Huong,235
,Nhung,235
,Hyunh,235
,Lan,235
,Trang,235
,Quang,235
,Pin,235
,Hoang,235
,Thao,235
,Anh,235
,Tu,235
,Nghia,235
,Be,235
,Bich,235
,Yen,235
,Le,235
,Thinh,235
,Long,235
,Hien,235
,Tien,235
,Nghi,235
,Cai,235
,My,235
,Teo,235
,Truuc,235
,Lien,235
,Hoa,235
,Linh,235
,Tan,235
,Ngai,235
,Ha,235
,Cam,235
,Van,235
,Thien,235
,Tuyet,235
,Hanh,235
,Chi,235
,Ai,235
,Lap,235
,Trinh,235
,Son,235
,Trai,235
,Ut,235
,Tuong,235
,Ba,235
,Hong,235
,Binh,235
,Chau,235
,Ca,235
,Ngu,235
,Mai,235
,Phuong,235
,Phong,235
,Duong,235
,Tai,235
,Hung,235
,Dong,235
,Hwa,235
,Toan,235
,Chinh,235
,Nu,235
,Kim,235
,Phuc,235
,Bianh,235
,An,235
,Hoc,235
,Hy,235
,Minh,235
,Tuyen,235
,Phoung,235
,Tong,235
,Cuong,235
,Sang,235
,Tam,235
,Hue,235
,Tuan,235
,Ti,235
,Truc,235
,Hai,235
,Nguyen,235
,Huynh,235
,Nien,235
,Lang,235
,Thang,235
,Thuy,235
,Dung,235
,Thi,235
,Cong,235
